[{"model": "contenttypes.contenttype", "pk": 1, "fields": {"app_label": "admin", "model": "logentry"}}, {"model": "contenttypes.contenttype", "pk": 2, "fields": {"app_label": "auth", "model": "group"}}, {"model": "contenttypes.contenttype", "pk": 3, "fields": {"app_label": "auth", "model": "permission"}}, {"model": "contenttypes.contenttype", "pk": 4, "fields": {"app_label": "auth", "model": "user"}}, {"model": "contenttypes.contenttype", "pk": 5, "fields": {"app_label": "contenttypes", "model": "contenttype"}}, {"model": "contenttypes.contenttype", "pk": 6, "fields": {"app_label": "sessions", "model": "session"}}, {"model": "contenttypes.contenttype", "pk": 7, "fields": {"app_label": "glgl_app", "model": "userextraprofile"}}, {"model": "contenttypes.contenttype", "pk": 8, "fields": {"app_label": "glgl_app", "model": "video"}}, {"model": "contenttypes.contenttype", "pk": 9, "fields": {"app_label": "glgl_app", "model": "comment"}}, {"model": "contenttypes.contenttype", "pk": 10, "fields": {"app_label": "glgl_app", "model": "notification"}}, {"model": "contenttypes.contenttype", "pk": 11, "fields": {"app_label": "glgl_app", "model": "history"}}, {"model": "contenttypes.contenttype", "pk": 12, "fields": {"app_label": "glgl_app", "model": "partfeedback"}}, {"model": "contenttypes.contenttype", "pk": 13, "fields": {"app_label": "glgl_app", "model": "graphfeedback"}}, {"model": "sessions.session", "pk": "2euwhhkv0up2b79nqj7nkxq99buiw8vp", "fields": {"session_data": "M2Q5MzA5NDRlMzhjNWUzNzkzMzQzYWYzY2M1ODEzNmFlNDY2NGNmNzp7Il9hdXRoX3VzZXJfaGFzaCI6IjQyZGZhODlkZTg0NzVjNmE5OTQzMWFkOGFmZTdkMDM4YTU4MGM2YWEiLCJfYXV0aF91c2VyX2lkIjoiNSIsIl9hdXRoX3VzZXJfYmFja2VuZCI6ImRqYW5nby5jb250cmliLmF1dGguYmFja2VuZHMuTW9kZWxCYWNrZW5kIn0=", "expire_date": "2017-05-20T09:39:44.171Z"}}, {"model": "sessions.session", "pk": "j4fm98160mk36ij0amzap3z4mcqkg4tx", "fields": {"session_data": "NTlhZDRhZGZiM2VmMzdjMDlkN2ZlNzg1MmQwYWEyZmFhNGIzY2RkZDp7Il9hdXRoX3VzZXJfaWQiOiI1IiwiX2F1dGhfdXNlcl9iYWNrZW5kIjoiZGphbmdvLmNvbnRyaWIuYXV0aC5iYWNrZW5kcy5Nb2RlbEJhY2tlbmQiLCJfYXV0aF91c2VyX2hhc2giOiI5MDc0MzAwMDk3MGIzOWQ3NzJkY2M5ZTcyZTE4OTU4NGJmZDA4MWVhIn0=", "expire_date": "2019-08-18T06:05:23.104Z"}}, {"model": "sessions.session", "pk": "mvwjdswe6z7j3eevoxwjxesmn8t9bcqq", "fields": {"session_data": "OTVhMzczMjYxNTJkMzdhOGQyMjJmNmI1MmQxNzljY2FjNDdhYTFiMTp7Il9hdXRoX3VzZXJfaGFzaCI6IjIzNmYxMmZiNzk5ZGM3NDc2MmJjYzQwNjA0NTIwMTUyMTBhNjBmNGQiLCJfYXV0aF91c2VyX2lkIjoiMSIsIl9hdXRoX3VzZXJfYmFja2VuZCI6ImRqYW5nby5jb250cmliLmF1dGguYmFja2VuZHMuTW9kZWxCYWNrZW5kIn0=", "expire_date": "2017-05-17T12:46:45.910Z"}}, {"model": "sessions.session", "pk": "nf020cwgsx3xmtorr32ex3vfudpfehh8", "fields": {"session_data": "NjkzYTg3ZTQ5Yjg0M2E0NGMwNzljYmVjNGI4NWI4OTkxNDE1ZWQwMDp7Il9hdXRoX3VzZXJfaWQiOiI2IiwiX2F1dGhfdXNlcl9iYWNrZW5kIjoiZGphbmdvLmNvbnRyaWIuYXV0aC5iYWNrZW5kcy5Nb2RlbEJhY2tlbmQiLCJfYXV0aF91c2VyX2hhc2giOiJhOTkzNDI3OGEwZGRkMzc0NmM2NmI3OTllYjJmMDhlYTE5YjRkOTJjIn0=", "expire_date": "2019-08-18T06:13:40.827Z"}}, {"model": "sessions.session", "pk": "xn95rw7qym26s00s4ftsexdh0fo1fmf7", "fields": {"session_data": "ZjNjOWY1ZmMyYWE4ZTYwNmZkN2JhYWI3MWQzOWZhNmM0NTdlN2YyNDp7Il9hdXRoX3VzZXJfaWQiOiI1IiwiX2F1dGhfdXNlcl9oYXNoIjoiNDJkZmE4OWRlODQ3NWM2YTk5NDMxYWQ4YWZlN2QwMzhhNTgwYzZhYSIsIl9hdXRoX3VzZXJfYmFja2VuZCI6ImRqYW5nby5jb250cmliLmF1dGguYmFja2VuZHMuTW9kZWxCYWNrZW5kIn0=", "expire_date": "2017-05-26T05:10:32.722Z"}}, {"model": "auth.permission", "pk": 1, "fields": {"name": "Can add log entry", "content_type": 1, "codename": "add_logentry"}}, {"model": "auth.permission", "pk": 2, "fields": {"name": "Can change log entry", "content_type": 1, "codename": "change_logentry"}}, {"model": "auth.permission", "pk": 3, "fields": {"name": "Can delete log entry", "content_type": 1, "codename": "delete_logentry"}}, {"model": "auth.permission", "pk": 4, "fields": {"name": "Can add group", "content_type": 2, "codename": "add_group"}}, {"model": "auth.permission", "pk": 5, "fields": {"name": "Can change group", "content_type": 2, "codename": "change_group"}}, {"model": "auth.permission", "pk": 6, "fields": {"name": "Can delete group", "content_type": 2, "codename": "delete_group"}}, {"model": "auth.permission", "pk": 7, "fields": {"name": "Can add permission", "content_type": 3, "codename": "add_permission"}}, {"model": "auth.permission", "pk": 8, "fields": {"name": "Can change permission", "content_type": 3, "codename": "change_permission"}}, {"model": "auth.permission", "pk": 9, "fields": {"name": "Can delete permission", "content_type": 3, "codename": "delete_permission"}}, {"model": "auth.permission", "pk": 10, "fields": {"name": "Can add user", "content_type": 4, "codename": "add_user"}}, {"model": "auth.permission", "pk": 11, "fields": {"name": "Can change user", "content_type": 4, "codename": "change_user"}}, {"model": "auth.permission", "pk": 12, "fields": {"name": "Can delete user", "content_type": 4, "codename": "delete_user"}}, {"model": "auth.permission", "pk": 13, "fields": {"name": "Can add content type", "content_type": 5, "codename": "add_contenttype"}}, {"model": "auth.permission", "pk": 14, "fields": {"name": "Can change content type", "content_type": 5, "codename": "change_contenttype"}}, {"model": "auth.permission", "pk": 15, "fields": {"name": "Can delete content type", "content_type": 5, "codename": "delete_contenttype"}}, {"model": "auth.permission", "pk": 16, "fields": {"name": "Can add session", "content_type": 6, "codename": "add_session"}}, {"model": "auth.permission", "pk": 17, "fields": {"name": "Can change session", "content_type": 6, "codename": "change_session"}}, {"model": "auth.permission", "pk": 18, "fields": {"name": "Can delete session", "content_type": 6, "codename": "delete_session"}}, {"model": "auth.permission", "pk": 19, "fields": {"name": "Can add user extra profile", "content_type": 7, "codename": "add_userextraprofile"}}, {"model": "auth.permission", "pk": 20, "fields": {"name": "Can change user extra profile", "content_type": 7, "codename": "change_userextraprofile"}}, {"model": "auth.permission", "pk": 21, "fields": {"name": "Can delete user extra profile", "content_type": 7, "codename": "delete_userextraprofile"}}, {"model": "auth.permission", "pk": 22, "fields": {"name": "Can add video", "content_type": 8, "codename": "add_video"}}, {"model": "auth.permission", "pk": 23, "fields": {"name": "Can change video", "content_type": 8, "codename": "change_video"}}, {"model": "auth.permission", "pk": 24, "fields": {"name": "Can delete video", "content_type": 8, "codename": "delete_video"}}, {"model": "auth.permission", "pk": 25, "fields": {"name": "Can add comment", "content_type": 9, "codename": "add_comment"}}, {"model": "auth.permission", "pk": 26, "fields": {"name": "Can change comment", "content_type": 9, "codename": "change_comment"}}, {"model": "auth.permission", "pk": 27, "fields": {"name": "Can delete comment", "content_type": 9, "codename": "delete_comment"}}, {"model": "auth.permission", "pk": 28, "fields": {"name": "Can add notification", "content_type": 10, "codename": "add_notification"}}, {"model": "auth.permission", "pk": 29, "fields": {"name": "Can change notification", "content_type": 10, "codename": "change_notification"}}, {"model": "auth.permission", "pk": 30, "fields": {"name": "Can delete notification", "content_type": 10, "codename": "delete_notification"}}, {"model": "auth.permission", "pk": 31, "fields": {"name": "Can add history", "content_type": 11, "codename": "add_history"}}, {"model": "auth.permission", "pk": 32, "fields": {"name": "Can change history", "content_type": 11, "codename": "change_history"}}, {"model": "auth.permission", "pk": 33, "fields": {"name": "Can delete history", "content_type": 11, "codename": "delete_history"}}, {"model": "auth.permission", "pk": 34, "fields": {"name": "Can add part feedback", "content_type": 12, "codename": "add_partfeedback"}}, {"model": "auth.permission", "pk": 35, "fields": {"name": "Can change part feedback", "content_type": 12, "codename": "change_partfeedback"}}, {"model": "auth.permission", "pk": 36, "fields": {"name": "Can delete part feedback", "content_type": 12, "codename": "delete_partfeedback"}}, {"model": "auth.permission", "pk": 37, "fields": {"name": "Can add graph feedback", "content_type": 13, "codename": "add_graphfeedback"}}, {"model": "auth.permission", "pk": 38, "fields": {"name": "Can change graph feedback", "content_type": 13, "codename": "change_graphfeedback"}}, {"model": "auth.permission", "pk": 39, "fields": {"name": "Can delete graph feedback", "content_type": 13, "codename": "delete_graphfeedback"}}, {"model": "auth.user", "pk": 1, "fields": {"password": "pbkdf2_sha256$30000$VyE5xQabcnM6$SU1m3+XMp/ovelnPVF8XS8NCg32KdCtloUV9acb+BCE=", "last_login": "2017-05-11T14:54:09.249Z", "is_superuser": true, "username": "admin", "first_name": "", "last_name": "", "email": "1603744646@qq.com", "is_staff": true, "is_active": true, "date_joined": "2017-05-03T08:07:33Z", "groups": [], "user_permissions": []}}, {"model": "auth.user", "pk": 3, "fields": {"password": "pbkdf2_sha256$30000$vJ2Ir7zYCJmb$CnYLCN96etpyAe7h3K/dJY9AA2Qp58xPiQwHygd9qhw=", "last_login": "2017-05-11T14:53:40.898Z", "is_superuser": false, "username": "manager", "first_name": "", "last_name": "", "email": "manager@qq.com", "is_staff": true, "is_active": true, "date_joined": "2017-05-03T08:26:07Z", "groups": [], "user_permissions": []}}, {"model": "auth.user", "pk": 4, "fields": {"password": "pbkdf2_sha256$30000$551vDGJhfo4S$/tgoCEsF+8pu/GG6l5sJYKxt/4wtYzdw1J+JlaBqYXk=", "last_login": "2017-05-05T07:06:24.361Z", "is_superuser": false, "username": "normaluser", "first_name": "", "last_name": "", "email": "normaluser@qq.com", "is_staff": false, "is_active": true, "date_joined": "2017-05-03T14:44:46Z", "groups": [], "user_permissions": []}}, {"model": "auth.user", "pk": 5, "fields": {"password": "pbkdf2_sha256$30000$LlQSxmvEK4K3$N2fed3AGP9rNWM/TZecxyHhDZsGSVQumbRv38sQ2XsE=", "last_login": "2019-08-04T06:07:20.652Z", "is_superuser": false, "username": "cc", "first_name": "", "last_name": "", "email": "cc@qq.com", "is_staff": false, "is_active": true, "date_joined": "2017-05-04T13:27:49.379Z", "groups": [], "user_permissions": []}}, {"model": "auth.user", "pk": 6, "fields": {"password": "pbkdf2_sha256$30000$wpzVU4Hniuac$xVXmpc77DoHAs6Yp/jcxl1dvttDVab64v/C+LWa2+nQ=", "last_login": "2019-08-04T06:13:40.825Z", "is_superuser": true, "username": "FeanLau", "first_name": "", "last_name": "", "email": "feanlau@aliyun.com", "is_staff": true, "is_active": true, "date_joined": "2019-08-04T05:58:54.016Z", "groups": [], "user_permissions": []}}, {"model": "glgl_app.userextraprofile", "pk": 2, "fields": {"user": 3, "headimage": "default/default_headimage.jpg", "description": "\u6211\u662f\u7ba1\u7406\u5458", "testornot": false}}, {"model": "glgl_app.userextraprofile", "pk": 3, "fields": {"user": 4, "headimage": "default/default_headimage.jpg", "description": "\u666e\u901a\u7528\u6237", "testornot": false}}, {"model": "glgl_app.userextraprofile", "pk": 4, "fields": {"user": 5, "headimage": "headimages/r.jpg", "description": "good friend", "testornot": true}}, {"model": "glgl_app.video", "pk": 12, "fields": {"title": "\u65e0\u7a77\u5c0f\u6bd4\u8f831", "video": "videos/15_1.7\u65e0\u7a77\u5c0f\u6bd4\u8f831.mp4", "cover": "covers/1_kHPNMbl.PNG", "description": "\u65e0\u7a77\u5c0f\u6bd4\u8f831", "uploader": 3, "teacher": "\u6c64\u5bb6\u51e4", "tag": "\u65e0\u7a77\u5c0f\u7684\u6bd4\u8f83", "difficulty": 0.2, "quality": 0.01, "play": 2, "like": 0, "time": "2017-05-03T11:17:06.797Z", "status": 0, "favorite": 0, "like_list": [], "favorite_list": []}}, {"model": "glgl_app.video", "pk": 13, "fields": {"title": "\u65e0\u7a77\u5c0f\u6bd4\u8f832", "video": "videos/16_1.7\u65e0\u7a77\u5c0f\u6bd4\u8f832.mp4", "cover": "covers/1_WCMLJwQ.PNG", "description": "\u65e0\u7a77\u5c0f\u6bd4\u8f832", "uploader": 3, "teacher": "\u6c64\u5bb6\u51e4", "tag": "\u65e0\u7a77\u5c0f\u7684\u6bd4\u8f83", "difficulty": 0.6, "quality": 0.0, "play": 1, "like": 0, "time": "2017-05-03T11:23:21.504Z", "status": 0, "favorite": 0, "like_list": [], "favorite_list": []}}, {"model": "glgl_app.video", "pk": 14, "fields": {"title": "\u5bfc\u6570\u6982\u5ff51", "video": "videos/22_2.1\u5bfc\u6570\u6982\u5ff51.mp4", "cover": "covers/1_yJSXDHK.PNG", "description": "\u5bfc\u6570\u6982\u5ff52", "uploader": 3, "teacher": "\u6c64\u5bb6\u51e4", "tag": "\u5bfc\u6570\u7684\u57fa\u672c\u6982\u5ff5", "difficulty": 0.2, "quality": 0.0, "play": 0, "like": 0, "time": "2017-05-03T11:26:41.261Z", "status": 0, "favorite": 0, "like_list": [], "favorite_list": []}}, {"model": "glgl_app.video", "pk": 15, "fields": {"title": "\u5bfc\u6570\u6982\u5ff52", "video": "videos/23_2.1\u5bfc\u6570\u6982\u5ff52.mp4", "cover": "covers/1_byFb4AA.PNG", "description": "\u5bfc\u6570\u6982\u5ff52", "uploader": 3, "teacher": "\u6c64\u5bb6\u51e4", "tag": "\u5bfc\u6570\u7684\u57fa\u672c\u6982\u5ff5", "difficulty": 0.6, "quality": 0.0, "play": 1, "like": 0, "time": "2017-05-03T11:30:28.426Z", "status": 0, "favorite": 0, "like_list": [], "favorite_list": []}}, {"model": "glgl_app.video", "pk": 16, "fields": {"title": "\u6620\u5c04", "video": "videos/1_1.11.2\u6620\u5c04\u4e0e\u51fd\u6570_\u6570\u5217\u7684\u6781\u96501.mp4", "cover": "covers/1_F3Qo82o.PNG", "description": "\u6620\u5c04", "uploader": 3, "teacher": "\u6c64\u5bb6\u51e4", "tag": "\u6620\u5c04", "difficulty": 1.0, "quality": 0.0, "play": 0, "like": 0, "time": "2017-05-03T11:32:39.873Z", "status": 0, "favorite": 0, "like_list": [], "favorite_list": []}}, {"model": "glgl_app.video", "pk": 17, "fields": {"title": "\u6570\u5217\u7684\u6781\u96501", "video": "videos/1_1.11.2\u6620\u5c04\u4e0e\u51fd\u6570_\u6570\u5217\u7684\u6781\u96501_RpS0AtB.mp4", "cover": "covers/1_uTuyn9v.PNG", "description": "\u6570\u5217\u7684\u6781\u96501", "uploader": 3, "teacher": "\u6c64\u5bb6\u51e4", "tag": "\u6570\u5217\u6781\u9650", "difficulty": 0.2, "quality": 0.0, "play": 0, "like": 0, "time": "2017-05-03T11:33:51.655Z", "status": 0, "favorite": 0, "like_list": [], "favorite_list": []}}, {"model": "glgl_app.video", "pk": 18, "fields": {"title": "\u51fd\u6570\u7684\u6781\u96502", "video": "videos/5_1.3\u51fd\u6570\u7684\u6781\u96502.mp4", "cover": "covers/1_txsjXXv.PNG", "description": "\u51fd\u6570\u7684\u6781\u96502", "uploader": 3, "teacher": "\u6c64\u5bb6\u51e4", "tag": "\u51fd\u6570\u7684\u6781\u9650", "difficulty": 0.6, "quality": 0.0, "play": 0, "like": 0, "time": "2017-05-03T11:51:57.823Z", "status": 0, "favorite": 0, "like_list": [], "favorite_list": []}}, {"model": "glgl_app.video", "pk": 19, "fields": {"title": "\u6570\u5217\u7684\u6781\u96502", "video": "videos/2_1.2\u6570\u5217\u7684\u6781\u96502.mp4", "cover": "default/default_headimage.jpg", "description": "\u6570\u5217\u7684\u6781\u96502", "uploader": 3, "teacher": "\u6c64\u5bb6\u51e4", "tag": "\u6570\u5217\u6781\u9650", "difficulty": 0.6, "quality": 0.0, "play": 0, "like": 0, "time": "2017-05-03T11:54:04.168Z", "status": 0, "favorite": 0, "like_list": [], "favorite_list": []}}, {"model": "glgl_app.video", "pk": 20, "fields": {"title": "\u6570\u5217\u7684\u6781\u96503", "video": "videos/3_1.2\u6570\u5217\u7684\u6781\u96503.mp4", "cover": "default/default_headimage.jpg", "description": "\u6570\u5217\u7684\u6781\u96503", "uploader": 3, "teacher": "\u674e\u9633", "tag": "\u6570\u5217\u6781\u9650", "difficulty": 0.2, "quality": 0.0, "play": 0, "like": 0, "time": "2017-05-03T11:56:06.665Z", "status": 0, "favorite": 0, "like_list": [], "favorite_list": []}}, {"model": "glgl_app.video", "pk": 21, "fields": {"title": "\u51fd\u6570\u7684\u6781\u96501", "video": "videos/4_1.3\u51fd\u6570\u7684\u6781\u96501.mp4", "cover": "default/default_headimage.jpg", "description": "\u51fd\u6570\u7684\u6781\u96501", "uploader": 3, "teacher": "\u674e\u9633", "tag": "\u51fd\u6570\u7684\u6781\u9650", "difficulty": 0.2, "quality": 0.0, "play": 0, "like": 0, "time": "2017-05-03T12:03:01.388Z", "status": 0, "favorite": 0, "like_list": [], "favorite_list": []}}, {"model": "glgl_app.video", "pk": 22, "fields": {"title": "\u51fd\u6570\u7684\u6781\u96503", "video": "videos/6_1.3\u51fd\u6570\u7684\u6781\u96503.mp4", "cover": "default/default_headimage.jpg", "description": "\u51fd\u6570\u7684\u6781\u96503", "uploader": 3, "teacher": "\u674e\u9633", "tag": "\u51fd\u6570\u7684\u6781\u9650", "difficulty": 1.0, "quality": 0.0, "play": 0, "like": 0, "time": "2017-05-03T12:23:02.560Z", "status": 0, "favorite": 0, "like_list": [], "favorite_list": []}}, {"model": "glgl_app.video", "pk": 23, "fields": {"title": "\u65e0\u7a77\u5c0f\u4e0e\u65e0\u7a77\u5927", "video": "videos/7_1.4\u65e0\u7a77\u5c0f\u4e0e\u65e0\u7a77\u5927.mp4", "cover": "default/default_headimage.jpg", "description": "\u65e0\u7a77\u5c0f\u4e0e\u65e0\u7a77\u5927", "uploader": 3, "teacher": "\u674e\u9633", "tag": "\u65e0\u7a77\u5c0f\u4e0e\u65e0\u7a77\u5927", "difficulty": 1.0, "quality": 0.0, "play": 1, "like": 0, "time": "2017-05-03T12:24:44.250Z", "status": 0, "favorite": 0, "like_list": [], "favorite_list": []}}, {"model": "glgl_app.video", "pk": 24, "fields": {"title": "\u6781\u9650\u8fd0\u7b97\u6cd5\u52191", "video": "videos/8_1.5\u6781\u9650\u8fd0\u7b97\u6cd5\u52191.mp4", "cover": "default/default_headimage.jpg", "description": "\u6781\u9650\u8fd0\u7b97\u6cd5\u52191", "uploader": 3, "teacher": "\u674e\u9633", "tag": "\u6781\u9650\u8fd0\u7b97\u6cd5\u5219", "difficulty": 0.2, "quality": 0.01, "play": 3, "like": 0, "time": "2017-05-03T12:25:47.182Z", "status": 0, "favorite": 0, "like_list": [], "favorite_list": []}}, {"model": "glgl_app.video", "pk": 25, "fields": {"title": "\u6781\u9650\u8fd0\u7b97\u6cd5\u52192", "video": "videos/9_1.5\u6781\u9650\u8fd0\u7b97\u6cd5\u52192.mp4", "cover": "default/default_headimage.jpg", "description": "\u6781\u9650\u8fd0\u7b97\u6cd5\u52192", "uploader": 3, "teacher": "\u6c64\u5bb6\u51e4", "tag": "\u6781\u9650\u8fd0\u7b97\u6cd5\u5219", "difficulty": 0.6, "quality": 0.0, "play": 1, "like": 0, "time": "2017-05-03T12:26:58.855Z", "status": 0, "favorite": 0, "like_list": [], "favorite_list": []}}, {"model": "glgl_app.video", "pk": 26, "fields": {"title": "\u6781\u9650\u8fd0\u7b97\u6cd5\u52193", "video": "videos/10_1.5\u6781\u9650\u8fd0\u7b97\u6cd5\u52193.mp4", "cover": "default/default_headimage.jpg", "description": "\u6781\u9650\u8fd0\u7b97\u6cd5\u52193", "uploader": 3, "teacher": "\u674e\u9633", "tag": "\u6781\u9650\u8fd0\u7b97\u6cd5\u5219", "difficulty": 1.0, "quality": 0.01, "play": 2, "like": 0, "time": "2017-05-03T12:28:21.391Z", "status": 0, "favorite": 0, "like_list": [], "favorite_list": []}}, {"model": "glgl_app.video", "pk": 27, "fields": {"title": "\u6781\u9650\u8fd0\u7b97\u6cd5\u52194", "video": "videos/11_1.5\u6781\u9650\u8fd0\u7b97\u6cd5\u52194.mp4", "cover": "default/default_headimage.jpg", "description": "\u6781\u9650\u8fd0\u7b97\u6cd5\u52194", "uploader": 3, "teacher": "\u674e\u9633", "tag": "\u51fd\u6570\u7684\u6781\u9650", "difficulty": 1.0, "quality": 0.0, "play": 0, "like": 0, "time": "2017-05-03T12:30:58.451Z", "status": 0, "favorite": 0, "like_list": [], "favorite_list": []}}, {"model": "glgl_app.video", "pk": 28, "fields": {"title": "\u6781\u9650\u5b58\u5728\u51c6\u5219 \u4e24\u4e2a\u91cd\u8981\u6781\u96501", "video": "videos/12_1.6\u6781\u9650\u5b58\u5728\u51c6\u5219_\u4e24\u4e2a\u91cd\u8981\u6781\u96501.mp4", "cover": "default/default_headimage.jpg", "description": "\u6781\u9650\u5b58\u5728\u51c6\u5219 \u4e24\u4e2a\u91cd\u8981\u6781\u96501", "uploader": 3, "teacher": "\u674e\u9633", "tag": "\u6781\u9650\u5b58\u5728\u51c6\u5219\u548c\u4e24\u4e2a\u91cd\u8981\u6781\u9650", "difficulty": 0.2, "quality": 0.0, "play": 0, "like": 0, "time": "2017-05-03T12:32:24.054Z", "status": 0, "favorite": 0, "like_list": [], "favorite_list": []}}, {"model": "glgl_app.video", "pk": 29, "fields": {"title": "\u6781\u9650\u5b58\u5728\u51c6\u5219 \u4e24\u4e2a\u91cd\u8981\u6781\u96502", "video": "videos/13_1.6\u6781\u9650\u5b58\u5728\u51c6\u5219_\u4e24\u4e2a\u91cd\u8981\u6781\u96502.mp4", "cover": "default/default_headimage.jpg", "description": "\u6781\u9650\u5b58\u5728\u51c6\u5219 \u4e24\u4e2a\u91cd\u8981\u6781\u96502", "uploader": 3, "teacher": "\u674e\u9633", "tag": "\u6781\u9650\u5b58\u5728\u51c6\u5219\u548c\u4e24\u4e2a\u91cd\u8981\u6781\u9650", "difficulty": 0.6, "quality": 0.0, "play": 1, "like": 0, "time": "2017-05-03T12:33:08.567Z", "status": 0, "favorite": 0, "like_list": [], "favorite_list": []}}, {"model": "glgl_app.video", "pk": 30, "fields": {"title": "\u6781\u9650\u5b58\u5728\u51c6\u5219 \u4e24\u4e2a\u91cd\u8981\u6781\u96503", "video": "videos/14_1.6\u6781\u9650\u5b58\u5728\u51c6\u5219_\u4e24\u4e2a\u91cd\u8981\u6781\u96503.mp4", "cover": "default/default_headimage.jpg", "description": "\u6781\u9650\u5b58\u5728\u51c6\u5219 \u4e24\u4e2a\u91cd\u8981\u6781\u96503", "uploader": 3, "teacher": "\u6c64\u5bb6\u51e4", "tag": "\u6781\u9650\u5b58\u5728\u51c6\u5219\u548c\u4e24\u4e2a\u91cd\u8981\u6781\u9650", "difficulty": 1.0, "quality": 0.01, "play": 3, "like": 0, "time": "2017-05-03T12:34:07.677Z", "status": 0, "favorite": 0, "like_list": [], "favorite_list": []}}, {"model": "glgl_app.video", "pk": 31, "fields": {"title": "\u51fd\u6570\u7684\u8fde\u7eed\u6027\u4e0e\u95f4\u65ad\u70b9", "video": "videos/17_1.8\u51fd\u6570\u7684\u8fde\u7eed\u6027\u4e0e\u95f4\u65ad\u70b9.mp4", "cover": "default/default_headimage.jpg", "description": "\u51fd\u6570\u7684\u8fde\u7eed\u6027\u4e0e\u95f4\u65ad\u70b9", "uploader": 3, "teacher": "\u674e\u9633", "tag": "\u51fd\u6570\u7684\u8fde\u7eed\u6027", "difficulty": 1.0, "quality": 0.0, "play": 0, "like": 0, "time": "2017-05-03T12:35:29.573Z", "status": 0, "favorite": 0, "like_list": [], "favorite_list": []}}, {"model": "glgl_app.video", "pk": 32, "fields": {"title": "\u51fd\u6570\u7684\u8fde\u7eed\u6027\u4e0e\u95f4\u65ad\u70b9", "video": "videos/17_1.8\u51fd\u6570\u7684\u8fde\u7eed\u6027\u4e0e\u95f4\u65ad\u70b9_nv4sspU.mp4", "cover": "default/default_headimage.jpg", "description": "\u51fd\u6570\u7684\u8fde\u7eed\u6027\u4e0e\u95f4\u65ad\u70b9", "uploader": 3, "teacher": "\u674e\u9633", "tag": "\u51fd\u6570\u7684\u95f4\u65ad\u70b9", "difficulty": 1.0, "quality": 0.0, "play": 0, "like": 0, "time": "2017-05-03T12:37:00.282Z", "status": 0, "favorite": 0, "like_list": [], "favorite_list": []}}, {"model": "glgl_app.video", "pk": 33, "fields": {"title": "\u8fde\u7eed\u51fd\u6570\u7684\u8fd0\u7b97\u4e0e\u521d\u7b49\u51fd\u6570\u7684\u8fde\u7eed\u60271", "video": "videos/18_1.9\u8fde\u7eed\u51fd\u6570\u7684\u8fd0\u7b97\u4e0e\u521d\u7b49\u51fd\u6570\u7684\u8fde\u7eed\u60271.mp4", "cover": "default/default_headimage.jpg", "description": "\u8fde\u7eed\u51fd\u6570\u7684\u8fd0\u7b97\u4e0e\u521d\u7b49\u51fd\u6570\u7684\u8fde\u7eed\u60271", "uploader": 3, "teacher": "\u674e\u9633", "tag": "\u8fde\u7eed\u51fd\u6570\u7684\u548c\u5dee\u79ef\u5546\u8fd0\u7b97", "difficulty": 0.6, "quality": 0.0, "play": 1, "like": 0, "time": "2017-05-03T12:38:40.789Z", "status": 0, "favorite": 0, "like_list": [], "favorite_list": []}}, {"model": "glgl_app.video", "pk": 34, "fields": {"title": "\u8fde\u7eed\u51fd\u6570\u7684\u8fd0\u7b97\u4e0e\u521d\u7b49\u51fd\u6570\u7684\u8fde\u7eed\u60272", "video": "videos/19_1.9\u8fde\u7eed\u51fd\u6570\u7684\u8fd0\u7b97\u4e0e\u521d\u7b49\u51fd\u6570\u7684\u8fde\u7eed\u60272.mp4", "cover": "default/default_headimage.jpg", "description": "\u8fde\u7eed\u51fd\u6570\u7684\u8fd0\u7b97\u4e0e\u521d\u7b49\u51fd\u6570\u7684\u8fde\u7eed\u60272", "uploader": 3, "teacher": "\u674e\u9633", "tag": "\u8fde\u7eed\u51fd\u6570\u7684\u548c\u5dee\u79ef\u5546\u8fd0\u7b97", "difficulty": 1.0, "quality": 0.0, "play": 0, "like": 0, "time": "2017-05-03T12:40:36.378Z", "status": 0, "favorite": 0, "like_list": [], "favorite_list": []}}, {"model": "glgl_app.video", "pk": 35, "fields": {"title": "\u95ed\u533a\u95f4\u4e0a\u8fde\u7eed\u51fd\u6570\u7684\u6027\u8d28", "video": "videos/20_1.10\u95ed\u533a\u95f4\u4e0a\u8fde\u7eed\u51fd\u6570\u7684\u6027\u8d28.mp4", "cover": "default/default_headimage.jpg", "description": "\u95ed\u533a\u95f4\u4e0a\u8fde\u7eed\u51fd\u6570\u7684\u6027\u8d28", "uploader": 3, "teacher": "\u6c64\u5bb6\u51e4", "tag": "\u95ed\u533a\u95f4\u4e0a\u8fde\u7eed\u51fd\u6570\u7684\u6027\u8d28", "difficulty": 1.0, "quality": 0.0, "play": 0, "like": 0, "time": "2017-05-03T12:41:46.683Z", "status": 0, "favorite": 0, "like_list": [], "favorite_list": []}}, {"model": "glgl_app.video", "pk": 36, "fields": {"title": "\u51fd\u6570\u7684\u6781\u9650\u603b\u7ed3", "video": "videos/21_1.11\u51fd\u6570\u4e0e\u6781\u9650\u603b\u7ed3.mp4", "cover": "default/default_headimage.jpg", "description": "\u51fd\u6570\u7684\u6781\u9650\u603b\u7ed3", "uploader": 3, "teacher": "\u6c64\u5bb6\u51e4", "tag": "\u51fd\u6570\u7684\u6781\u9650", "difficulty": 1.0, "quality": 0.0, "play": 0, "like": 0, "time": "2017-05-03T12:42:33.229Z", "status": 0, "favorite": 0, "like_list": [], "favorite_list": []}}, {"model": "glgl_app.video", "pk": 37, "fields": {"title": "\u5bfc\u6570\u7684\u6982\u5ff5", "video": "videos/22_2.1\u5bfc\u6570\u6982\u5ff51_2KUpZyA.mp4", "cover": "default/default_headimage.jpg", "description": "\u5bfc\u6570\u7684\u6982\u5ff51", "uploader": 3, "teacher": "\u674e\u9633", "tag": "\u5bfc\u6570\u7684\u57fa\u672c\u6982\u5ff5", "difficulty": 0.2, "quality": 0.0, "play": 0, "like": 0, "time": "2017-05-03T12:43:37.928Z", "status": 0, "favorite": 0, "like_list": [2], "favorite_list": [2]}}, {"model": "glgl_app.video", "pk": 38, "fields": {"title": "\u5bfc\u6570\u7684\u6982\u5ff53", "video": "videos/24_2.1\u5bfc\u6570\u6982\u5ff53.mp4", "cover": "default/default_headimage.jpg", "description": "\u5bfc\u6570\u7684\u6982\u5ff53", "uploader": 3, "teacher": "\u674e\u9633", "tag": "\u5bfc\u6570\u7684\u57fa\u672c\u6982\u5ff5", "difficulty": 1.0, "quality": 0.01, "play": 2, "like": 0, "time": "2017-05-03T12:48:21.756Z", "status": 0, "favorite": 0, "like_list": [], "favorite_list": []}}, {"model": "glgl_app.video", "pk": 39, "fields": {"title": "\u51fd\u6570\u7684\u6c42\u5bfc\u6cd5\u52191", "video": "videos/25_2.2\u51fd\u6570\u7684\u6c42\u5bfc\u6cd5\u52191.mp4", "cover": "default/default_headimage.jpg", "description": "\u51fd\u6570\u7684\u6c42\u5bfc\u6cd5\u52191", "uploader": 3, "teacher": "\u6c64\u5bb6\u51e4", "tag": "\u51fd\u6570\u7684\u57fa\u672c\u6c42\u5bfc\u6cd5\u5219", "difficulty": 0.2, "quality": 0.0, "play": 0, "like": 0, "time": "2017-05-03T12:49:19.358Z", "status": 0, "favorite": 0, "like_list": [], "favorite_list": []}}, {"model": "glgl_app.video", "pk": 40, "fields": {"title": "\u51fd\u6570\u7684\u6c42\u5bfc\u6cd5\u52192", "video": "videos/26_2.2\u51fd\u6570\u7684\u6c42\u5bfc\u6cd5\u52192.mp4", "cover": "default/default_headimage.jpg", "description": "\u51fd\u6570\u7684\u6c42\u5bfc\u6cd5\u52192", "uploader": 3, "teacher": "\u6c64\u5bb6\u51e4", "tag": "\u51fd\u6570\u7684\u57fa\u672c\u6c42\u5bfc\u6cd5\u5219", "difficulty": 0.6, "quality": 0.0, "play": 0, "like": 0, "time": "2017-05-03T12:50:11.416Z", "status": 0, "favorite": 0, "like_list": [], "favorite_list": []}}, {"model": "glgl_app.video", "pk": 41, "fields": {"title": "\u51fd\u6570\u7684\u6c42\u5bfc\u6cd5\u52193", "video": "videos/27_2.2\u51fd\u6570\u7684\u6c42\u5bfc\u6cd5\u52193.mp4", "cover": "default/default_headimage.jpg", "description": "\u51fd\u6570\u7684\u6c42\u5bfc\u6cd5\u52193", "uploader": 3, "teacher": "\u6c64\u5bb6\u51e4", "tag": "\u51fd\u6570\u7684\u57fa\u672c\u6c42\u5bfc\u6cd5\u5219", "difficulty": 1.0, "quality": 0.0, "play": 0, "like": 0, "time": "2017-05-03T12:51:06.321Z", "status": 0, "favorite": 0, "like_list": [], "favorite_list": []}}, {"model": "glgl_app.video", "pk": 42, "fields": {"title": "\u51fd\u6570\u7684\u6c42\u5bfc\u6cd5\u52194", "video": "videos/28_2.2\u51fd\u6570\u7684\u6c42\u5bfc\u6cd5\u52194.mp4", "cover": "default/default_headimage.jpg", "description": "\u51fd\u6570\u7684\u6c42\u5bfc\u6cd5\u52194", "uploader": 3, "teacher": "\u674e\u9633", "tag": "\u51fd\u6570\u7684\u57fa\u672c\u6c42\u5bfc\u6cd5\u5219", "difficulty": 1.0, "quality": 0.0, "play": 0, "like": 0, "time": "2017-05-03T12:51:45.796Z", "status": 0, "favorite": 0, "like_list": [], "favorite_list": []}}, {"model": "glgl_app.video", "pk": 43, "fields": {"title": "\u9ad8\u9636\u5bfc\u65701", "video": "videos/29_2.3\u9ad8\u9636\u5bfc\u65701.mp4", "cover": "default/default_headimage.jpg", "description": "\u9ad8\u9636\u5bfc\u65701", "uploader": 3, "teacher": "\u6c64\u5bb6\u51e4", "tag": "\u9ad8\u9636\u5bfc\u6570", "difficulty": 0.6, "quality": 0.0, "play": 0, "like": 0, "time": "2017-05-03T12:53:40.754Z", "status": 0, "favorite": 0, "like_list": [], "favorite_list": []}}, {"model": "glgl_app.video", "pk": 44, "fields": {"title": "\u9ad8\u9636\u5bfc\u65702", "video": "videos/30_2.3\u9ad8\u9636\u5bfc\u65702.mp4", "cover": "default/default_headimage.jpg", "description": "\u9ad8\u9636\u5bfc\u65702", "uploader": 3, "teacher": "\u674e\u9633", "tag": "\u9ad8\u9636\u5bfc\u6570", "difficulty": 1.0, "quality": 0.0, "play": 0, "like": 0, "time": "2017-05-03T12:54:09.377Z", "status": 0, "favorite": 0, "like_list": [], "favorite_list": []}}, {"model": "glgl_app.video", "pk": 45, "fields": {"title": "\u9690\u51fd\u6570\u6c42\u5bfc1", "video": "videos/31_2.4\u9690\u51fd\u6570\u6c42\u5bfc1.mp4", "cover": "default/default_headimage.jpg", "description": "\u9690\u51fd\u6570\u6c42\u5bfc1", "uploader": 3, "teacher": "\u674e\u9633", "tag": "\u9690\u51fd\u6570\u6c42\u5bfc", "difficulty": 0.2, "quality": 0.01, "play": 2, "like": 0, "time": "2017-05-03T12:55:57.805Z", "status": 0, "favorite": 0, "like_list": [], "favorite_list": []}}, {"model": "glgl_app.video", "pk": 46, "fields": {"title": "\u9690\u51fd\u6570\u6c42\u5bfc2", "video": "videos/32_2.4\u9690\u51fd\u6570\u6c42\u5bfc2.mp4", "cover": "default/default_headimage.jpg", "description": "\u9690\u51fd\u6570\u6c42\u5bfc2", "uploader": 3, "teacher": "\u6c64\u5bb6\u51e4", "tag": "\u9690\u51fd\u6570\u6c42\u5bfc", "difficulty": 0.6, "quality": 0.0, "play": 0, "like": 0, "time": "2017-05-03T12:56:55.732Z", "status": 0, "favorite": 0, "like_list": [], "favorite_list": []}}, {"model": "glgl_app.video", "pk": 47, "fields": {"title": "\u9690\u51fd\u6570\u6c42\u5bfc3", "video": "videos/33_2.4\u9690\u51fd\u6570\u6c42\u5bfc3.mp4", "cover": "default/default_headimage.jpg", "description": "\u9690\u51fd\u6570\u6c42\u5bfc3", "uploader": 3, "teacher": "\u674e\u9633", "tag": "\u9690\u51fd\u6570\u6c42\u5bfc", "difficulty": 1.0, "quality": 0.0, "play": 0, "like": 0, "time": "2017-05-03T12:57:53.483Z", "status": 0, "favorite": 0, "like_list": [], "favorite_list": []}}, {"model": "glgl_app.video", "pk": 48, "fields": {"title": "\u51fd\u6570\u5fae\u5206\u7684\u57fa\u672c\u6982\u5ff51", "video": "videos/34_2.5\u51fd\u6570\u7684\u5fae\u52061.mp4", "cover": "default/default_headimage.jpg", "description": "\u51fd\u6570\u5fae\u5206\u7684\u57fa\u672c\u6982\u5ff51", "uploader": 3, "teacher": "\u674e\u9633", "tag": "\u5fae\u5206\u7684\u57fa\u672c\u6982\u5ff5", "difficulty": 0.6, "quality": 0.0, "play": 1, "like": 0, "time": "2017-05-03T13:00:39.992Z", "status": 0, "favorite": 0, "like_list": [], "favorite_list": []}}, {"model": "glgl_app.video", "pk": 49, "fields": {"title": "\u51fd\u6570\u5fae\u5206\u7684\u57fa\u672c\u6982\u5ff52", "video": "videos/35_2.5\u51fd\u6570\u7684\u5fae\u52062.mp4", "cover": "default/default_headimage.jpg", "description": "\u51fd\u6570\u5fae\u5206\u7684\u57fa\u672c\u6982\u5ff52", "uploader": 3, "teacher": "\u6c64\u5bb6\u51e4", "tag": "\u5fae\u5206\u7684\u57fa\u672c\u6982\u5ff5", "difficulty": 1.0, "quality": 0.0, "play": 0, "like": 0, "time": "2017-05-03T13:02:23.357Z", "status": 0, "favorite": 0, "like_list": [], "favorite_list": []}}, {"model": "glgl_app.video", "pk": 50, "fields": {"title": "\u57fa\u672c\u521d\u7b49\u51fd\u6570\u7684\u5fae\u5206\u516c\u5f0f\u4e0e\u5fae\u5206\u8fd0\u7b97\u6cd5\u5219", "video": "videos/34_2.5\u51fd\u6570\u7684\u5fae\u52061_e84bELB.mp4", "cover": "default/default_headimage.jpg", "description": "\u57fa\u672c\u521d\u7b49\u51fd\u6570\u7684\u5fae\u5206\u516c\u5f0f\u4e0e\u5fae\u5206\u8fd0\u7b97\u6cd5\u5219", "uploader": 3, "teacher": "\u674e\u9633", "tag": "\u57fa\u672c\u521d\u7b49\u51fd\u6570\u7684\u5fae\u5206\u516c\u5f0f\u4e0e\u5fae\u5206\u8fd0\u7b97\u6cd5\u5219", "difficulty": 0.6, "quality": 0.0, "play": 0, "like": 0, "time": "2017-05-03T13:04:27.824Z", "status": 0, "favorite": 0, "like_list": [], "favorite_list": []}}, {"model": "glgl_app.video", "pk": 51, "fields": {"title": "\u57fa\u672c\u521d\u7b49\u51fd\u6570\u7684\u5fae\u5206\u516c\u5f0f\u4e0e\u5fae\u5206\u8fd0\u7b97\u6cd5\u52192", "video": "videos/35_2.5\u51fd\u6570\u7684\u5fae\u52062_sikZwiJ.mp4", "cover": "default/default_headimage.jpg", "description": "\u57fa\u672c\u521d\u7b49\u51fd\u6570\u7684\u5fae\u5206\u516c\u5f0f\u4e0e\u5fae\u5206\u8fd0\u7b97\u6cd5\u52192", "uploader": 3, "teacher": "\u6c64\u5bb6\u51e4", "tag": "\u57fa\u672c\u521d\u7b49\u51fd\u6570\u7684\u5fae\u5206\u516c\u5f0f\u4e0e\u5fae\u5206\u8fd0\u7b97\u6cd5\u5219", "difficulty": 1.0, "quality": 0.0, "play": 0, "like": 0, "time": "2017-05-03T13:05:43.425Z", "status": 0, "favorite": 0, "like_list": [], "favorite_list": []}}, {"model": "glgl_app.video", "pk": 52, "fields": {"title": "\u5bfc\u6570\u4e0e\u5fae\u5206\u603b\u7ed3", "video": "videos/36_2.6\u5bfc\u6570\u4e0e\u5fae\u5206\u603b\u7ed3.mp4", "cover": "default/default_headimage.jpg", "description": "\u5bfc\u6570\u4e0e\u5fae\u5206\u603b\u7ed3", "uploader": 3, "teacher": "\u674e\u9633", "tag": "\u51fd\u6570\u7684\u5bfc\u6570", "difficulty": 1.0, "quality": 0.0, "play": 0, "like": 0, "time": "2017-05-03T13:06:56.781Z", "status": 0, "favorite": 0, "like_list": [], "favorite_list": []}}, {"model": "glgl_app.video", "pk": 53, "fields": {"title": "\u5bfc\u6570\u4e0e\u5fae\u5206\u603b\u7ed3", "video": "videos/36_2.6\u5bfc\u6570\u4e0e\u5fae\u5206\u603b\u7ed3_twRlowm.mp4", "cover": "default/default_headimage.jpg", "description": "\u5bfc\u6570\u4e0e\u5fae\u5206\u603b\u7ed3", "uploader": 3, "teacher": "\u674e\u9633", "tag": "\u51fd\u6570\u7684\u5fae\u5206", "difficulty": 1.0, "quality": 0.0, "play": 0, "like": 0, "time": "2017-05-03T13:07:49.576Z", "status": 0, "favorite": 0, "like_list": [], "favorite_list": []}}, {"model": "glgl_app.video", "pk": 54, "fields": {"title": "\u5bfc\u6570\u4e0e\u5fae\u5206\u603b\u7ed3", "video": "videos/36_2.6\u5bfc\u6570\u4e0e\u5fae\u5206\u603b\u7ed3_HIeWrEo.mp4", "cover": "default/default_headimage.jpg", "description": "\u5bfc\u6570\u4e0e\u5fae\u5206\u603b\u7ed3", "uploader": 3, "teacher": "\u674e\u9633", "tag": "\u51fd\u6570\u7684\u5fae\u5206", "difficulty": 1.0, "quality": 0.0, "play": 0, "like": 0, "time": "2017-05-03T13:08:28.993Z", "status": 0, "favorite": 0, "like_list": [], "favorite_list": []}}, {"model": "glgl_app.video", "pk": 55, "fields": {"title": "\u62c9\u683c\u6717\u65e5\u4e2d\u503c\u5b9a\u74061", "video": "videos/37_3.1\u5fae\u5206\u4e2d\u503c\u5b9a\u74061.mp4", "cover": "default/default_headimage.jpg", "description": "\u62c9\u683c\u6717\u65e5\u4e2d\u503c\u5b9a\u74061", "uploader": 3, "teacher": "\u674e\u9633", "tag": "\u62c9\u683c\u6717\u65e5\u4e2d\u503c\u5b9a\u7406", "difficulty": 0.6, "quality": 0.0, "play": 0, "like": 0, "time": "2017-05-03T13:10:56.640Z", "status": 0, "favorite": 0, "like_list": [], "favorite_list": []}}, {"model": "glgl_app.video", "pk": 56, "fields": {"title": "\u62c9\u683c\u6717\u65e5\u4e2d\u503c\u5b9a\u74062", "video": "videos/38_3.1\u5fae\u5206\u4e2d\u503c\u5b9a\u74062.mp4", "cover": "default/default_headimage.jpg", "description": "\u62c9\u683c\u6717\u65e5\u4e2d\u503c\u5b9a\u74062", "uploader": 3, "teacher": "\u6c64\u5bb6\u51e4", "tag": "\u62c9\u683c\u6717\u65e5\u4e2d\u503c\u5b9a\u7406", "difficulty": 1.0, "quality": 0.0, "play": 0, "like": 0, "time": "2017-05-03T13:11:48.561Z", "status": 0, "favorite": 0, "like_list": [], "favorite_list": []}}, {"model": "glgl_app.video", "pk": 57, "fields": {"title": "\u67ef\u897f\u4e2d\u503c\u5b9a\u7406", "video": "videos/39_3.1\u5fae\u5206\u4e2d\u503c\u5b9a\u74063.mp4", "cover": "default/default_headimage.jpg", "description": "\u67ef\u897f\u4e2d\u503c\u5b9a\u7406", "uploader": 3, "teacher": "\u6c64\u5bb6\u51e4", "tag": "\u67ef\u897f\u4e2d\u503c\u5b9a\u7406", "difficulty": 1.0, "quality": 0.0, "play": 0, "like": 0, "time": "2017-05-03T13:12:46.857Z", "status": 0, "favorite": 0, "like_list": [], "favorite_list": []}}, {"model": "glgl_app.video", "pk": 58, "fields": {"title": "\u7f57\u5c14\u5b9a\u74061", "video": "videos/40_3.1\u5fae\u5206\u4e2d\u503c\u5b9a\u74064.mp4", "cover": "default/default_headimage.jpg", "description": "\u7f57\u5c14\u5b9a\u74061", "uploader": 3, "teacher": "\u6c64\u5bb6\u51e4", "tag": "\u7f57\u5c14\u5b9a\u7406", "difficulty": 0.6, "quality": 0.01, "play": 2, "like": 0, "time": "2017-05-03T13:13:52.049Z", "status": 0, "favorite": 0, "like_list": [], "favorite_list": []}}, {"model": "glgl_app.video", "pk": 59, "fields": {"title": "\u7f57\u5c14\u5b9a\u74062", "video": "videos/41_3.1\u5fae\u5206\u4e2d\u503c\u5b9a\u74065.mp4", "cover": "default/default_headimage.jpg", "description": "\u7f57\u5c14\u5b9a\u74062", "uploader": 3, "teacher": "\u6c64\u5bb6\u51e4", "tag": "\u7f57\u5c14\u5b9a\u7406", "difficulty": 1.0, "quality": 0.01, "play": 4, "like": 0, "time": "2017-05-03T13:18:12.231Z", "status": 0, "favorite": 0, "like_list": [], "favorite_list": []}}, {"model": "glgl_app.video", "pk": 60, "fields": {"title": "\u6d1b\u5fc5\u8fbe\u6cd5\u5219", "video": "videos/42_3.2\u6d1b\u5fc5\u8fbe\u6cd5\u5219.mp4", "cover": "default/default_headimage.jpg", "description": "\u6d1b\u5fc5\u8fbe\u6cd5\u5219", "uploader": 3, "teacher": "\u674e\u9633", "tag": "\u6d1b\u5fc5\u8fbe\u6cd5\u5219", "difficulty": 1.0, "quality": 0.0, "play": 0, "like": 0, "time": "2017-05-03T13:19:03.748Z", "status": 0, "favorite": 0, "like_list": [], "favorite_list": []}}, {"model": "glgl_app.video", "pk": 61, "fields": {"title": "\u51fd\u6570\u7684\u5355\u8c03\u6027\u4e0e\u51f9\u51f8\u60271", "video": "videos/47_3.4\u51fd\u6570\u7684\u5355\u8c03\u6027\u4e0e\u51f9\u51f8\u60271.mp4", "cover": "default/default_headimage.jpg", "description": "\u51fd\u6570\u7684\u5355\u8c03\u6027\u4e0e\u51f9\u51f8\u60272", "uploader": 3, "teacher": "\u674e\u9633", "tag": "\u5bfc\u6570\u7684\u57fa\u672c\u6982\u5ff5", "difficulty": 0.6, "quality": 0.0, "play": 1, "like": 0, "time": "2017-05-03T13:20:52.491Z", "status": 0, "favorite": 0, "like_list": [], "favorite_list": []}}, {"model": "glgl_app.video", "pk": 62, "fields": {"title": "\u51fd\u6570\u7684\u5355\u8c03\u6027\u4e0e\u51f9\u51f8\u60272", "video": "videos/48_3.4\u51fd\u6570\u7684\u5355\u8c03\u6027\u4e0e\u51f9\u51f8\u60272.mp4", "cover": "default/default_headimage.jpg", "description": "\u51fd\u6570\u7684\u5355\u8c03\u6027\u4e0e\u51f9\u51f8\u60272", "uploader": 3, "teacher": "\u674e\u9633", "tag": "\u5bfc\u6570\u7684\u57fa\u672c\u6982\u5ff5", "difficulty": 0.2, "quality": 0.0, "play": 0, "like": 0, "time": "2017-05-03T13:21:34.241Z", "status": 0, "favorite": 0, "like_list": [], "favorite_list": []}}, {"model": "glgl_app.video", "pk": 63, "fields": {"title": "\u6cf0\u52d2\u516c\u5f0f1", "video": "videos/43_3.3\u6cf0\u52d2\u516c\u5f0f1.mp4", "cover": "default/default_headimage.jpg", "description": "\u6cf0\u52d2\u516c\u5f0f1", "uploader": 3, "teacher": "\u6c64\u5bb6\u51e4", "tag": "\u6cf0\u52d2\u516c\u5f0f", "difficulty": 0.2, "quality": 0.0, "play": 0, "like": 0, "time": "2017-05-03T13:22:13.746Z", "status": 0, "favorite": 0, "like_list": [], "favorite_list": []}}, {"model": "glgl_app.video", "pk": 64, "fields": {"title": "\u6cf0\u52d2\u516c\u5f0f2", "video": "videos/44_3.3\u6cf0\u52d2\u516c\u5f0f2.mp4", "cover": "default/default_headimage.jpg", "description": "\u6cf0\u52d2\u516c\u5f0f2", "uploader": 3, "teacher": "\u674e\u9633", "tag": "\u6cf0\u52d2\u516c\u5f0f", "difficulty": 0.6, "quality": 0.0, "play": 0, "like": 0, "time": "2017-05-03T13:23:15.326Z", "status": 0, "favorite": 0, "like_list": [], "favorite_list": []}}, {"model": "glgl_app.video", "pk": 65, "fields": {"title": "\u6cf0\u52d2\u516c\u5f0f3", "video": "videos/45_3.3\u6cf0\u52d2\u516c\u5f0f3.mp4", "cover": "default/default_headimage.jpg", "description": "\u6cf0\u52d2\u516c\u5f0f3", "uploader": 3, "teacher": "\u674e\u9633", "tag": "\u6cf0\u52d2\u516c\u5f0f", "difficulty": 1.0, "quality": 0.0, "play": 0, "like": 0, "time": "2017-05-03T13:23:51.453Z", "status": 0, "favorite": 0, "like_list": [], "favorite_list": []}}, {"model": "glgl_app.video", "pk": 66, "fields": {"title": "\u6cf0\u52d2\u516c\u5f0f4", "video": "videos/46_3.3\u6cf0\u52d2\u516c\u5f0f4.mp4", "cover": "default/default_headimage.jpg", "description": "\u6cf0\u52d2\u516c\u5f0f4", "uploader": 3, "teacher": "\u6c64\u5bb6\u51e4", "tag": "\u6cf0\u52d2\u516c\u5f0f", "difficulty": 1.0, "quality": 0.0, "play": 0, "like": 0, "time": "2017-05-03T13:24:59.267Z", "status": 0, "favorite": 0, "like_list": [], "favorite_list": []}}, {"model": "glgl_app.video", "pk": 67, "fields": {"title": "\u51fd\u6570\u7684\u6781\u503c\u4e0e\u6700\u5927\u503c\u6700\u5c0f\u503c1", "video": "videos/49_3.5\u51fd\u6570\u7684\u6781\u503c\u4e0e\u6700\u5927\u503c\u6700\u5c0f\u503c1.mp4", "cover": "default/default_headimage.jpg", "description": "\u51fd\u6570\u7684\u6781\u503c\u4e0e\u6700\u5927\u503c\u6700\u5c0f\u503c1", "uploader": 3, "teacher": "\u674e\u9633", "tag": "\u51fd\u6570\u7684\u6781\u503c", "difficulty": 0.6, "quality": 0.09, "play": 28, "like": 0, "time": "2017-05-03T13:25:46.798Z", "status": 0, "favorite": 0, "like_list": [], "favorite_list": []}}, {"model": "glgl_app.video", "pk": 68, "fields": {"title": "\u51fd\u6570\u7684\u6781\u503c\u4e0e\u6700\u5927\u503c\u6700\u5c0f\u503c2", "video": "videos/50_3.5\u51fd\u6570\u7684\u6781\u503c\u4e0e\u6700\u5927\u503c\u6700\u5c0f\u503c2.mp4", "cover": "default/default_headimage.jpg", "description": "\u51fd\u6570\u7684\u6781\u503c\u4e0e\u6700\u5927\u503c\u6700\u5c0f\u503c2", "uploader": 3, "teacher": "\u674e\u9633", "tag": "\u51fd\u6570\u7684\u6781\u503c", "difficulty": 1.0, "quality": 0.01, "play": 2, "like": 0, "time": "2017-05-03T13:26:54.528Z", "status": 0, "favorite": 0, "like_list": [], "favorite_list": []}}, {"model": "glgl_app.video", "pk": 69, "fields": {"title": "\u51fd\u6570\u56fe\u5f62\u7684\u63cf\u7ed81", "video": "videos/52_3.6\u51fd\u6570\u56fe\u5f62\u7684\u63cf\u7ed81.mp4", "cover": "default/default_headimage.jpg", "description": "\u51fd\u6570\u56fe\u5f62\u7684\u63cf\u7ed81", "uploader": 3, "teacher": "\u6c64\u5bb6\u51e4", "tag": "\u6781\u503c\u7684\u5e94\u7528\uff1a\u51fd\u6570\u56fe\u5f62\u7684\u63cf\u7ed8", "difficulty": 0.6, "quality": 0.0, "play": 0, "like": 0, "time": "2017-05-03T13:27:41.502Z", "status": 0, "favorite": 0, "like_list": [], "favorite_list": []}}, {"model": "glgl_app.video", "pk": 70, "fields": {"title": "\u51fd\u6570\u56fe\u5f62\u7684\u63cf\u7ed82", "video": "videos/53_3.6\u51fd\u6570\u56fe\u5f62\u7684\u63cf\u7ed82.mp4", "cover": "default/default_headimage.jpg", "description": "\u51fd\u6570\u56fe\u5f62\u7684\u63cf\u7ed82", "uploader": 3, "teacher": "\u674e\u9633", "tag": "\u6781\u503c\u7684\u5e94\u7528\uff1a\u51fd\u6570\u56fe\u5f62\u7684\u63cf\u7ed8", "difficulty": 1.0, "quality": 0.0, "play": 0, "like": 0, "time": "2017-05-03T13:28:22.211Z", "status": 0, "favorite": 0, "like_list": [], "favorite_list": []}}, {"model": "glgl_app.video", "pk": 71, "fields": {"title": "\u66f2\u7387", "video": "videos/54_3.7\u66f2\u7387.mp4", "cover": "default/default_headimage.jpg", "description": "\u66f2\u7387", "uploader": 3, "teacher": "\u674e\u9633", "tag": "\u51fd\u6570\u7684\u6781\u503c", "difficulty": 1.0, "quality": 0.0, "play": 0, "like": 0, "time": "2017-05-03T13:29:07.502Z", "status": 0, "favorite": 0, "like_list": [], "favorite_list": []}}, {"model": "glgl_app.video", "pk": 72, "fields": {"title": "\u4e0d\u5b9a\u79ef\u5206\u7684\u6982\u5ff5\u4e0e\u6027\u8d281", "video": "videos/55_4.1\u4e0d\u5b9a\u79ef\u5206\u7684\u6982\u5ff5\u4e0e\u6027\u8d281.mp4", "cover": "default/default_headimage.jpg", "description": "\u4e0d\u5b9a\u79ef\u5206\u7684\u6982\u5ff5\u4e0e\u6027\u8d281", "uploader": 3, "teacher": "\u6c64\u5bb6\u51e4", "tag": "\u4e0d\u5b9a\u79ef\u5206\u7684\u6982\u5ff5\u4e0e\u6027\u8d28", "difficulty": 0.2, "quality": 0.0, "play": 0, "like": 0, "time": "2017-05-03T13:30:15.784Z", "status": 0, "favorite": 0, "like_list": [], "favorite_list": []}}, {"model": "glgl_app.video", "pk": 73, "fields": {"title": "\u4e0d\u5b9a\u79ef\u5206\u7684\u6982\u5ff5\u4e0e\u6027\u8d282", "video": "videos/56_4.1\u4e0d\u5b9a\u79ef\u5206\u7684\u6982\u5ff5\u4e0e\u6027\u8d282.mp4", "cover": "default/default_headimage.jpg", "description": "\u4e0d\u5b9a\u79ef\u5206\u7684\u6982\u5ff5\u4e0e\u6027\u8d282", "uploader": 3, "teacher": "\u674e\u9633", "tag": "\u4e0d\u5b9a\u79ef\u5206\u7684\u6982\u5ff5\u4e0e\u6027\u8d28", "difficulty": 0.6, "quality": 0.0, "play": 1, "like": 0, "time": "2017-05-03T13:31:09.010Z", "status": 0, "favorite": 0, "like_list": [], "favorite_list": []}}, {"model": "glgl_app.video", "pk": 74, "fields": {"title": "\u4e0d\u5b9a\u79ef\u5206\u7684\u6982\u5ff5\u4e0e\u6027\u8d283", "video": "videos/57_4.1\u4e0d\u5b9a\u79ef\u5206\u7684\u6982\u5ff5\u4e0e\u6027\u8d283.mp4", "cover": "default/default_headimage.jpg", "description": "\u4e0d\u5b9a\u79ef\u5206\u7684\u6982\u5ff5\u4e0e\u6027\u8d283", "uploader": 3, "teacher": "\u6c64\u5bb6\u51e4", "tag": "\u4e0d\u5b9a\u79ef\u5206\u7684\u6982\u5ff5\u4e0e\u6027\u8d28", "difficulty": 1.0, "quality": 0.0, "play": 1, "like": 0, "time": "2017-05-03T13:31:58.957Z", "status": 0, "favorite": 0, "like_list": [], "favorite_list": []}}, {"model": "glgl_app.video", "pk": 75, "fields": {"title": "\u6362\u5143\u79ef\u5206\u6cd51", "video": "videos/58_4.2\u6362\u5143\u79ef\u5206\u6cd51.mp4", "cover": "default/default_headimage.jpg", "description": "\u6362\u5143\u79ef\u5206\u6cd51", "uploader": 3, "teacher": "\u6c64\u5bb6\u51e4", "tag": "\u6362\u5143\u79ef\u5206\u6cd5", "difficulty": 0.2, "quality": 0.02, "play": 5, "like": 0, "time": "2017-05-03T13:32:47.491Z", "status": 0, "favorite": 0, "like_list": [], "favorite_list": []}}, {"model": "glgl_app.video", "pk": 76, "fields": {"title": "\u6362\u5143\u79ef\u5206\u6cd52", "video": "videos/59_4.2\u6362\u5143\u79ef\u5206\u6cd52.mp4", "cover": "default/default_headimage.jpg", "description": "\u6362\u5143\u79ef\u5206\u6cd52", "uploader": 3, "teacher": "\u6c64\u5bb6\u51e4", "tag": "\u6362\u5143\u79ef\u5206\u6cd5", "difficulty": 0.6, "quality": 0.03, "play": 9, "like": 0, "time": "2017-05-03T13:33:30.300Z", "status": 0, "favorite": 0, "like_list": [], "favorite_list": []}}, {"model": "glgl_app.video", "pk": 77, "fields": {"title": "\u6362\u5143\u79ef\u5206\u6cd53", "video": "videos/60_4.2\u6362\u5143\u79ef\u5206\u6cd53.mp4", "cover": "default/default_headimage.jpg", "description": "\u6362\u5143\u79ef\u5206\u6cd53", "uploader": 3, "teacher": "\u674e\u9633", "tag": "\u6362\u5143\u79ef\u5206\u6cd5", "difficulty": 1.0, "quality": 0.0, "play": 0, "like": 0, "time": "2017-05-03T13:34:12.731Z", "status": 0, "favorite": 0, "like_list": [], "favorite_list": []}}, {"model": "glgl_app.video", "pk": 78, "fields": {"title": "\u6362\u5143\u79ef\u5206\u6cd54", "video": "videos/61_4.2\u6362\u5143\u79ef\u5206\u6cd54.mp4", "cover": "default/default_headimage.jpg", "description": "\u6362\u5143\u79ef\u5206\u6cd54", "uploader": 3, "teacher": "\u674e\u9633", "tag": "\u6362\u5143\u79ef\u5206\u6cd5", "difficulty": 1.0, "quality": 0.0, "play": 0, "like": 0, "time": "2017-05-03T13:34:58.554Z", "status": 0, "favorite": 0, "like_list": [], "favorite_list": []}}, {"model": "glgl_app.video", "pk": 79, "fields": {"title": "\u5206\u90e8\u79ef\u5206\u6cd51", "video": "videos/62_4.3\u5206\u90e8\u79ef\u5206\u6cd51.mp4", "cover": "default/default_headimage.jpg", "description": "\u5206\u90e8\u79ef\u5206\u6cd51", "uploader": 3, "teacher": "\u6c64\u5bb6\u51e4", "tag": "\u5206\u90e8\u79ef\u5206\u6cd5", "difficulty": 0.6, "quality": 0.0, "play": 0, "like": 0, "time": "2017-05-03T13:35:57.796Z", "status": 0, "favorite": 0, "like_list": [], "favorite_list": []}}, {"model": "glgl_app.video", "pk": 80, "fields": {"title": "\u5206\u90e8\u79ef\u5206\u6cd52", "video": "videos/63_4.3\u5206\u90e8\u79ef\u5206\u6cd52.mp4", "cover": "default/default_headimage.jpg", "description": "\u5206\u90e8\u79ef\u5206\u6cd52", "uploader": 3, "teacher": "\u674e\u9633", "tag": "\u5206\u90e8\u79ef\u5206\u6cd5", "difficulty": 1.0, "quality": 0.0, "play": 0, "like": 0, "time": "2017-05-03T13:36:46.983Z", "status": 0, "favorite": 0, "like_list": [], "favorite_list": []}}, {"model": "glgl_app.video", "pk": 81, "fields": {"title": "\u6709\u7406\u51fd\u6570\u7684\u79ef\u52061", "video": "videos/64_4.4\u6709\u7406\u51fd\u6570\u7684\u79ef\u52061.mp4", "cover": "default/default_headimage.jpg", "description": "\u6709\u7406\u51fd\u6570\u7684\u79ef\u52061", "uploader": 3, "teacher": "\u6c64\u5bb6\u51e4", "tag": "\u6709\u7406\u51fd\u6570\u7684\u79ef\u5206", "difficulty": 0.2, "quality": 0.0, "play": 0, "like": 0, "time": "2017-05-03T13:37:30.228Z", "status": 0, "favorite": 0, "like_list": [], "favorite_list": []}}, {"model": "glgl_app.video", "pk": 82, "fields": {"title": "\u6709\u7406\u51fd\u6570\u7684\u79ef\u52062", "video": "videos/65_4.4\u6709\u7406\u51fd\u6570\u7684\u79ef\u52062.mp4", "cover": "default/default_headimage.jpg", "description": "\u6709\u7406\u51fd\u6570\u7684\u79ef\u52062", "uploader": 3, "teacher": "\u674e\u9633", "tag": "\u6709\u7406\u51fd\u6570\u7684\u79ef\u5206", "difficulty": 0.6, "quality": 0.0, "play": 0, "like": 0, "time": "2017-05-03T13:38:36.065Z", "status": 0, "favorite": 0, "like_list": [], "favorite_list": []}}, {"model": "glgl_app.video", "pk": 83, "fields": {"title": "\u6709\u7406\u51fd\u6570\u7684\u79ef\u52063", "video": "videos/66_4.4\u6709\u7406\u51fd\u6570\u7684\u79ef\u52064.mp4", "cover": "default/default_headimage.jpg", "description": "\u6709\u7406\u51fd\u6570\u7684\u79ef\u52063", "uploader": 3, "teacher": "\u6c64\u5bb6\u51e4", "tag": "\u6709\u7406\u51fd\u6570\u7684\u79ef\u5206", "difficulty": 1.0, "quality": 0.0, "play": 0, "like": 0, "time": "2017-05-03T13:39:38.997Z", "status": 0, "favorite": 0, "like_list": [], "favorite_list": []}}, {"model": "glgl_app.video", "pk": 84, "fields": {"title": "\u5b9a\u79ef\u5206\u7684\u6982\u5ff5\u4e0e\u6027\u8d281", "video": "videos/67_5.1\u5b9a\u79ef\u5206\u7684\u6982\u5ff5\u4e0e\u6027\u8d281.mp4", "cover": "default/default_headimage.jpg", "description": "\u5b9a\u79ef\u5206\u7684\u6982\u5ff5\u4e0e\u6027\u8d281", "uploader": 3, "teacher": "\u674e\u9633", "tag": "\u5b9a\u79ef\u5206\u7684\u6982\u5ff5\u4e0e\u6027\u8d28", "difficulty": 0.2, "quality": 0.02, "play": 5, "like": 0, "time": "2017-05-03T13:40:33.378Z", "status": 0, "favorite": 1, "like_list": [], "favorite_list": [4]}}, {"model": "glgl_app.video", "pk": 85, "fields": {"title": "\u5b9a\u79ef\u5206\u7684\u6982\u5ff5\u4e0e\u6027\u8d282", "video": "videos/68_5.1\u5b9a\u79ef\u5206\u7684\u6982\u5ff5\u4e0e\u6027\u8d282.mp4", "cover": "default/default_headimage.jpg", "description": "\u5b9a\u79ef\u5206\u7684\u6982\u5ff5\u4e0e\u6027\u8d282", "uploader": 3, "teacher": "\u674e\u9633", "tag": "\u5b9a\u79ef\u5206\u7684\u6982\u5ff5\u4e0e\u6027\u8d28", "difficulty": 0.6, "quality": 0.0, "play": 1, "like": 0, "time": "2017-05-03T13:41:17.281Z", "status": 0, "favorite": 0, "like_list": [], "favorite_list": []}}, {"model": "glgl_app.video", "pk": 86, "fields": {"title": "\u5b9a\u79ef\u5206\u7684\u6982\u5ff5\u4e0e\u6027\u8d283", "video": "videos/69_5.1\u5b9a\u79ef\u5206\u7684\u6982\u5ff5\u4e0e\u6027\u8d283.mp4", "cover": "default/default_headimage.jpg", "description": "\u5b9a\u79ef\u5206\u7684\u6982\u5ff5\u4e0e\u6027\u8d283", "uploader": 3, "teacher": "\u674e\u9633", "tag": "\u5b9a\u79ef\u5206\u7684\u6982\u5ff5\u4e0e\u6027\u8d28", "difficulty": 1.0, "quality": 0.38, "play": 18, "like": 1, "time": "2017-05-03T13:42:08.879Z", "status": 0, "favorite": 1, "like_list": [4], "favorite_list": [4]}}, {"model": "glgl_app.video", "pk": 87, "fields": {"title": "\u725b\u987f-\u83b1\u5e03\u5c3c\u8328\u516c\u5f0f1", "video": "videos/70_\u5b9a\u79ef\u52064.mp4", "cover": "default/default_headimage.jpg", "description": "\u725b\u987f-\u83b1\u5e03\u5c3c\u8328\u516c\u5f0f1", "uploader": 3, "teacher": "\u6c64\u5bb6\u51e4", "tag": "\u725b\u987f-\u83b1\u5e03\u5c3c\u8328\u516c\u5f0f", "difficulty": 0.2, "quality": 0.0, "play": 0, "like": 0, "time": "2017-05-03T14:09:54.512Z", "status": 0, "favorite": 0, "like_list": [], "favorite_list": []}}, {"model": "glgl_app.video", "pk": 88, "fields": {"title": "\u725b\u987f-\u83b1\u5e03\u5c3c\u8328\u516c\u5f0f2", "video": "videos/71_\u5b9a\u79ef\u52065.mp4", "cover": "default/default_headimage.jpg", "description": "\u725b\u987f-\u83b1\u5e03\u5c3c\u8328\u516c\u5f0f2", "uploader": 3, "teacher": "\u6c64\u5bb6\u51e4", "tag": "\u725b\u987f-\u83b1\u5e03\u5c3c\u8328\u516c\u5f0f", "difficulty": 0.6, "quality": 0.0, "play": 0, "like": 0, "time": "2017-05-03T14:10:53.840Z", "status": 0, "favorite": 0, "like_list": [], "favorite_list": []}}, {"model": "glgl_app.video", "pk": 89, "fields": {"title": "\u725b\u987f-\u83b1\u5e03\u5c3c\u8328\u516c\u5f0f3", "video": "videos/72_\u5b9a\u79ef\u52066.mp4", "cover": "default/default_headimage.jpg", "description": "\u725b\u987f-\u83b1\u5e03\u5c3c\u8328\u516c\u5f0f3", "uploader": 3, "teacher": "\u6c64\u5bb6\u51e4", "tag": "\u725b\u987f-\u83b1\u5e03\u5c3c\u8328\u516c\u5f0f", "difficulty": 1.0, "quality": 0.0, "play": 0, "like": 0, "time": "2017-05-03T14:13:19.334Z", "status": 0, "favorite": 0, "like_list": [], "favorite_list": []}}, {"model": "glgl_app.video", "pk": 90, "fields": {"title": "\u5b9a\u79ef\u5206\u7684\u5206\u90e8\u79ef\u5206\u6cd51", "video": "videos/73_\u5b9a\u79ef\u52067.mp4", "cover": "default/default_headimage.jpg", "description": "\u5b9a\u79ef\u5206\u7684\u5206\u90e8\u79ef\u5206\u6cd51", "uploader": 3, "teacher": "\u4f73\u4f73", "tag": "\u5b9a\u79ef\u5206\u7684\u5206\u90e8\u79ef\u5206\u6cd5", "difficulty": 0.2, "quality": 0.0, "play": 0, "like": 0, "time": "2017-05-03T14:15:10.523Z", "status": 0, "favorite": 0, "like_list": [], "favorite_list": []}}, {"model": "glgl_app.video", "pk": 91, "fields": {"title": "\u5b9a\u79ef\u5206\u7684\u5206\u90e8\u79ef\u5206\u6cd52", "video": "videos/74_\u5b9a\u79ef\u52068.mp4", "cover": "default/default_headimage.jpg", "description": "\u5b9a\u79ef\u5206\u7684\u5206\u90e8\u79ef\u5206\u6cd52", "uploader": 3, "teacher": "\u4f73\u4f73", "tag": "\u5b9a\u79ef\u5206\u7684\u5206\u90e8\u79ef\u5206\u6cd5", "difficulty": 0.6, "quality": 0.0, "play": 0, "like": 0, "time": "2017-05-03T14:17:16.452Z", "status": 0, "favorite": 0, "like_list": [], "favorite_list": []}}, {"model": "glgl_app.video", "pk": 92, "fields": {"title": "\u5b9a\u79ef\u5206\u7684\u5206\u90e8\u79ef\u5206\u6cd53", "video": "videos/75_\u5b9a\u79ef\u52069.mp4", "cover": "default/default_headimage.jpg", "description": "\u5b9a\u79ef\u5206\u7684\u5206\u90e8\u79ef\u5206\u6cd53", "uploader": 3, "teacher": "\u4f73\u4f73", "tag": "\u5b9a\u79ef\u5206\u7684\u5206\u90e8\u79ef\u5206\u6cd5", "difficulty": 1.0, "quality": 0.0, "play": 0, "like": 0, "time": "2017-05-03T14:18:51.268Z", "status": 0, "favorite": 0, "like_list": [], "favorite_list": []}}, {"model": "glgl_app.video", "pk": 93, "fields": {"title": "\u5b9a\u79ef\u5206\u7684\u6362\u5143\u6cd51", "video": "videos/76_\u5b9a\u79ef\u520610.mp4", "cover": "default/default_headimage.jpg", "description": "\u5b9a\u79ef\u5206\u7684\u6362\u5143\u6cd51", "uploader": 3, "teacher": "\u4f73\u4f73", "tag": "\u5b9a\u79ef\u5206\u7684\u6362\u5143\u6cd5", "difficulty": 0.2, "quality": 0.0, "play": 0, "like": 0, "time": "2017-05-03T14:21:25.758Z", "status": 0, "favorite": 0, "like_list": [], "favorite_list": []}}, {"model": "glgl_app.video", "pk": 94, "fields": {"title": "\u5b9a\u79ef\u5206\u7684\u6362\u5143\u6cd52", "video": "videos/77_\u5b9a\u79ef\u520611.mp4", "cover": "default/default_headimage.jpg", "description": "\u5b9a\u79ef\u5206\u7684\u6362\u5143\u6cd52", "uploader": 3, "teacher": "\u4f73\u4f73", "tag": "\u5b9a\u79ef\u5206\u7684\u6362\u5143\u6cd5", "difficulty": 0.6, "quality": 0.0, "play": 0, "like": 0, "time": "2017-05-03T14:22:21.180Z", "status": 0, "favorite": 0, "like_list": [], "favorite_list": []}}, {"model": "glgl_app.video", "pk": 95, "fields": {"title": "\u5b9a\u79ef\u5206\u7684\u6362\u5143\u6cd53", "video": "videos/78_\u5b9a\u79ef\u520612.mp4", "cover": "default/default_headimage.jpg", "description": "\u5b9a\u79ef\u5206\u7684\u6362\u5143\u6cd53", "uploader": 3, "teacher": "\u4f73\u4f73", "tag": "\u5b9a\u79ef\u5206\u7684\u6362\u5143\u6cd5", "difficulty": 1.0, "quality": 0.0, "play": 0, "like": 0, "time": "2017-05-03T14:23:39.843Z", "status": 0, "favorite": 0, "like_list": [], "favorite_list": []}}, {"model": "glgl_app.video", "pk": 96, "fields": {"title": "\u53cd\u5e38\u79ef\u5206", "video": "videos/79_\u5b9a\u79ef\u520613.mp4", "cover": "default/default_headimage.jpg", "description": "\u53cd\u5e38\u79ef\u5206", "uploader": 3, "teacher": "\u4f73\u4f73", "tag": "\u53cd\u5e38\u79ef\u5206", "difficulty": 1.0, "quality": 0.0, "play": 0, "like": 0, "time": "2017-05-03T14:24:36.794Z", "status": 0, "favorite": 0, "like_list": [], "favorite_list": []}}, {"model": "glgl_app.video", "pk": 97, "fields": {"title": "\u53cd\u5e38\u79ef\u52060", "video": "videos/80_\u5b9a\u79ef\u520614.mp4", "cover": "default/default_headimage.jpg", "description": "\u53cd\u5e38\u79ef\u52060", "uploader": 3, "teacher": "\u4f73\u4f73", "tag": "\u53cd\u5e38\u79ef\u5206", "difficulty": 0.6, "quality": 0.0, "play": 0, "like": 0, "time": "2017-05-03T14:26:59.749Z", "status": 0, "favorite": 0, "like_list": [], "favorite_list": []}}, {"model": "glgl_app.video", "pk": 98, "fields": {"title": "\u79ef\u5206\u4e0a\u9650\u7684\u51fd\u65701", "video": "videos/81_\u5b9a\u79ef\u520615.mp4", "cover": "default/default_headimage.jpg", "description": "\u79ef\u5206\u4e0a\u9650\u7684\u51fd\u65701", "uploader": 3, "teacher": "\u4f73\u4f73", "tag": "\u79ef\u5206\u4e0a\u9650\u7684\u51fd\u6570", "difficulty": 0.6, "quality": 0.0, "play": 0, "like": 0, "time": "2017-05-03T14:28:15.137Z", "status": 0, "favorite": 0, "like_list": [], "favorite_list": []}}, {"model": "glgl_app.video", "pk": 99, "fields": {"title": "\u79ef\u5206\u4e0a\u9650\u7684\u51fd\u65702", "video": "videos/82_\u5b9a\u79ef\u520616.mp4", "cover": "default/default_headimage.jpg", "description": "\u79ef\u5206\u4e0a\u9650\u7684\u51fd\u65702", "uploader": 3, "teacher": "\u4f73\u4f73", "tag": "\u79ef\u5206\u4e0a\u9650\u7684\u51fd\u6570", "difficulty": 1.0, "quality": 0.0, "play": 0, "like": 0, "time": "2017-05-03T14:29:27.711Z", "status": 0, "favorite": 0, "like_list": [], "favorite_list": []}}, {"model": "glgl_app.video", "pk": 100, "fields": {"title": "\u5b9a\u79ef\u5206\u7684\u8fd1\u4f3c\u8ba1\u7b97", "video": "videos/83_\u5b9a\u79ef\u520617.mp4", "cover": "default/default_headimage.jpg", "description": "\u5b9a\u79ef\u5206\u7684\u8fd1\u4f3c\u8ba1\u7b97", "uploader": 3, "teacher": "\u4f73\u4f73", "tag": "\u5b9a\u79ef\u5206\u7684\u8fd1\u4f3c\u8ba1\u7b97", "difficulty": 1.0, "quality": 0.35, "play": 7, "like": 1, "time": "2017-05-03T14:30:13.562Z", "status": 0, "favorite": 0, "like_list": [4], "favorite_list": []}}, {"model": "glgl_app.video", "pk": 101, "fields": {"title": "\u5143\u7d20\u6cd51", "video": "videos/85_\u5b9a\u79ef\u5206\u7684\u5e94\u75281.mp4", "cover": "default/default_headimage.jpg", "description": "\u5143\u7d20\u6cd51", "uploader": 3, "teacher": "\u4f73\u4f73", "tag": "\u5143\u7d20\u6cd5", "difficulty": 0.6, "quality": 0.0, "play": 0, "like": 0, "time": "2017-05-03T14:35:24.235Z", "status": 0, "favorite": 0, "like_list": [], "favorite_list": []}}, {"model": "glgl_app.video", "pk": 102, "fields": {"title": "\u5143\u7d20\u6cd52", "video": "videos/86_\u5b9a\u79ef\u5206\u7684\u5e94\u75282.mp4", "cover": "default/default_headimage.jpg", "description": "\u5143\u7d20\u6cd52", "uploader": 3, "teacher": "\u4f73\u4f73", "tag": "\u5143\u7d20\u6cd5", "difficulty": 1.0, "quality": 0.0, "play": 1, "like": 0, "time": "2017-05-03T14:36:23.116Z", "status": 0, "favorite": 0, "like_list": [], "favorite_list": []}}, {"model": "glgl_app.video", "pk": 103, "fields": {"title": "\u6c42\u4f53\u79ef", "video": "videos/87_\u5b9a\u79ef\u5206\u7684\u5e94\u75283.mp4", "cover": "default/default_headimage.jpg", "description": "\u6c42\u4f53\u79ef", "uploader": 3, "teacher": "\u4f73\u4f73", "tag": "\u6c42\u4f53\u79ef", "difficulty": 1.0, "quality": 0.01, "play": 2, "like": 0, "time": "2017-05-03T14:38:02.854Z", "status": 0, "favorite": 0, "like_list": [], "favorite_list": []}}, {"model": "glgl_app.video", "pk": 104, "fields": {"title": "\u6c42\u5e73\u9762\u56fe\u5f62\u7684\u9762\u79ef", "video": "videos/88_\u5b9a\u79ef\u5206\u7684\u5e94\u75284.mp4", "cover": "default/default_headimage.jpg", "description": "\u6c42\u5e73\u9762\u56fe\u5f62\u7684\u9762\u79ef\u4f73\u4f73", "uploader": 3, "teacher": "\u4f73\u4f73", "tag": "\u6c42\u5e73\u9762\u56fe\u5f62\u7684\u9762\u79ef", "difficulty": 1.0, "quality": 0.0, "play": 1, "like": 0, "time": "2017-05-03T14:39:50.244Z", "status": 0, "favorite": 0, "like_list": [], "favorite_list": []}}, {"model": "glgl_app.video", "pk": 105, "fields": {"title": "\u6c42\u5e73\u9762\u66f2\u7ebf\u7684\u5f27\u957f", "video": "videos/89_\u5b9a\u79ef\u5206\u7684\u5e94\u75285.mp4", "cover": "default/default_headimage.jpg", "description": "\u6c42\u5e73\u9762\u66f2\u7ebf\u7684\u5f27\u957f", "uploader": 3, "teacher": "\u4f73\u4f73", "tag": "\u6c42\u5e73\u9762\u66f2\u7ebf\u7684\u5f27\u957f", "difficulty": 1.0, "quality": 0.0, "play": 2, "like": 0, "time": "2017-05-03T14:40:43.624Z", "status": 0, "favorite": 0, "like_list": [], "favorite_list": []}}, {"model": "glgl_app.history", "pk": 1, "fields": {"HUser": 5, "HVideo": 30, "hscore": 1.0, "hchange": 1.0, "hdate": "2017-05-04T13:36:31.392Z", "dummy": false}}, {"model": "glgl_app.history", "pk": 2, "fields": {"HUser": 5, "HVideo": 30, "hscore": 1.0, "hchange": 1.0, "hdate": "2017-05-04T13:37:53.265Z", "dummy": false}}, {"model": "glgl_app.history", "pk": 3, "fields": {"HUser": 5, "HVideo": 38, "hscore": 1.0, "hchange": 1.0, "hdate": "2017-05-04T13:40:18.304Z", "dummy": false}}, {"model": "glgl_app.history", "pk": 4, "fields": {"HUser": 5, "HVideo": 38, "hscore": 1.0, "hchange": 1.0, "hdate": "2017-05-04T13:44:34.309Z", "dummy": false}}, {"model": "glgl_app.history", "pk": 5, "fields": {"HUser": 5, "HVideo": 38, "hscore": 1.0, "hchange": 0.767852, "hdate": "2017-05-04T13:50:47.756Z", "dummy": false}}, {"model": "glgl_app.history", "pk": 6, "fields": {"HUser": 5, "HVideo": 58, "hscore": 1.0, "hchange": 0.6, "hdate": "2017-05-04T14:43:26.507Z", "dummy": false}}, {"model": "glgl_app.history", "pk": 7, "fields": {"HUser": 5, "HVideo": 59, "hscore": 0.6, "hchange": 0.24, "hdate": "2017-05-04T14:47:06.662Z", "dummy": false}}, {"model": "glgl_app.history", "pk": 8, "fields": {"HUser": 5, "HVideo": 59, "hscore": 1.0, "hchange": 0.4, "hdate": "2017-05-04T14:47:22.833Z", "dummy": false}}, {"model": "glgl_app.history", "pk": 9, "fields": {"HUser": 5, "HVideo": 75, "hscore": 1.0, "hchange": 0.2, "hdate": "2017-05-04T15:00:09.529Z", "dummy": false}}, {"model": "glgl_app.history", "pk": 10, "fields": {"HUser": 5, "HVideo": 12, "hscore": 1.0, "hchange": 0.2, "hdate": "2017-05-05T02:46:47.239Z", "dummy": false}}, {"model": "glgl_app.history", "pk": 11, "fields": {"HUser": 5, "HVideo": 13, "hscore": 1.0, "hchange": 0.39999999999999997, "hdate": "2017-05-05T02:57:22.656Z", "dummy": false}}, {"model": "glgl_app.history", "pk": 12, "fields": {"HUser": 5, "HVideo": 24, "hscore": 0.0, "hchange": 0.0, "hdate": "2017-05-06T06:52:43.798Z", "dummy": false}}, {"model": "glgl_app.history", "pk": 13, "fields": {"HUser": 5, "HVideo": 24, "hscore": 0.6, "hchange": 0.12, "hdate": "2017-05-06T06:53:08.722Z", "dummy": false}}, {"model": "glgl_app.history", "pk": 14, "fields": {"HUser": 5, "HVideo": 26, "hscore": 1.0, "hchange": 0.7815840000000001, "hdate": "2017-05-06T06:57:38.992Z", "dummy": false}}, {"model": "glgl_app.history", "pk": 15, "fields": {"HUser": 5, "HVideo": 29, "hscore": 0.6, "hchange": -0.25841600000000003, "hdate": "2017-05-06T07:02:39.653Z", "dummy": false}}, {"model": "glgl_app.history", "pk": 16, "fields": {"HUser": 5, "HVideo": 67, "hscore": 0.6, "hchange": -0.7058, "hdate": "2017-05-06T07:13:55.794Z", "dummy": false}}, {"model": "glgl_app.history", "pk": 17, "fields": {"HUser": 5, "HVideo": 67, "hscore": 0.2761291717583547, "hchange": 0.11045166870334189, "hdate": "2017-05-06T08:37:31Z", "dummy": true}}, {"model": "glgl_app.history", "pk": 18, "fields": {"HUser": 5, "HVideo": 67, "hscore": 0.3519213375125434, "hchange": 0.14076853500501735, "hdate": "2017-05-06T08:41:58Z", "dummy": true}}, {"model": "glgl_app.history", "pk": 19, "fields": {"HUser": 5, "HVideo": 67, "hscore": 0.0, "hchange": -0.49122099999999996, "hdate": "2017-05-06T09:23:22.884Z", "dummy": false}}, {"model": "glgl_app.history", "pk": 20, "fields": {"HUser": 5, "HVideo": 67, "hscore": 0.0, "hchange": 0.0, "hdate": "2017-05-06T09:23:43.066Z", "dummy": false}}, {"model": "glgl_app.history", "pk": 21, "fields": {"HUser": 5, "HVideo": 67, "hscore": 0.18612180380963572, "hchange": 0.07444872152385429, "hdate": "2017-05-06T09:43:27Z", "dummy": true}}, {"model": "glgl_app.history", "pk": 22, "fields": {"HUser": 5, "HVideo": 67, "hscore": 0.178608493584724, "hchange": 0.0714433974338896, "hdate": "2017-05-06T09:43:52Z", "dummy": true}}, {"model": "glgl_app.history", "pk": 23, "fields": {"HUser": 5, "HVideo": 103, "hscore": 0.6, "hchange": 0.24, "hdate": "2017-05-10T09:25:10.053Z", "dummy": false}}, {"model": "glgl_app.history", "pk": 24, "fields": {"HUser": 5, "HVideo": 26, "hscore": 0.6, "hchange": -0.16000000000000003, "hdate": "2017-05-11T14:36:38.396Z", "dummy": false}}, {"model": "glgl_app.history", "pk": 25, "fields": {"HUser": 5, "HVideo": 105, "hscore": 0.6, "hchange": 0.24, "hdate": "2017-05-11T14:51:03.911Z", "dummy": false}}, {"model": "glgl_app.partfeedback", "pk": 1, "fields": {"PVideo": 30, "PUser": 5, "pfeed": true, "pdate": "2017-05-04T13:38:30.174Z"}}, {"model": "glgl_app.partfeedback", "pk": 2, "fields": {"PVideo": 38, "PUser": 5, "pfeed": true, "pdate": "2017-05-04T13:41:38.141Z"}}, {"model": "glgl_app.partfeedback", "pk": 3, "fields": {"PVideo": 45, "PUser": 5, "pfeed": true, "pdate": "2017-05-04T13:53:23.308Z"}}, {"model": "glgl_app.partfeedback", "pk": 4, "fields": {"PVideo": 58, "PUser": 5, "pfeed": true, "pdate": "2017-05-04T14:41:27.568Z"}}, {"model": "glgl_app.partfeedback", "pk": 5, "fields": {"PVideo": 38, "PUser": 5, "pfeed": false, "pdate": "2017-05-04T14:55:38.978Z"}}, {"model": "glgl_app.partfeedback", "pk": 6, "fields": {"PVideo": 15, "PUser": 5, "pfeed": false, "pdate": "2017-05-04T14:55:47.988Z"}}, {"model": "glgl_app.partfeedback", "pk": 7, "fields": {"PVideo": 61, "PUser": 5, "pfeed": false, "pdate": "2017-05-04T14:55:59.254Z"}}, {"model": "glgl_app.partfeedback", "pk": 8, "fields": {"PVideo": 75, "PUser": 5, "pfeed": false, "pdate": "2017-05-04T15:01:20.348Z"}}, {"model": "glgl_app.partfeedback", "pk": 9, "fields": {"PVideo": 24, "PUser": 5, "pfeed": true, "pdate": "2017-05-06T06:51:07.745Z"}}, {"model": "glgl_app.partfeedback", "pk": 10, "fields": {"PVideo": 24, "PUser": 5, "pfeed": true, "pdate": "2017-05-06T06:52:36.205Z"}}, {"model": "glgl_app.partfeedback", "pk": 11, "fields": {"PVideo": 24, "PUser": 5, "pfeed": true, "pdate": "2017-05-06T06:52:50.707Z"}}, {"model": "glgl_app.partfeedback", "pk": 12, "fields": {"PVideo": 104, "PUser": 5, "pfeed": true, "pdate": "2017-05-10T09:24:40.413Z"}}, {"model": "glgl_app.partfeedback", "pk": 13, "fields": {"PVideo": 105, "PUser": 5, "pfeed": true, "pdate": "2017-05-11T14:50:47.081Z"}}, {"model": "glgl_app.partfeedback", "pk": 14, "fields": {"PVideo": 105, "PUser": 5, "pfeed": true, "pdate": "2017-05-11T14:51:16.438Z"}}, {"model": "glgl_app.graphfeedback", "pk": 1, "fields": {"GUser": 5, "gfeed": true, "gdate": "2017-05-04T13:39:18.702Z"}}, {"model": "glgl_app.graphfeedback", "pk": 2, "fields": {"GUser": 5, "gfeed": false, "gdate": "2017-05-04T14:56:51.271Z"}}, {"model": "glgl_app.graphfeedback", "pk": 3, "fields": {"GUser": 5, "gfeed": true, "gdate": "2017-05-05T03:17:10.172Z"}}, {"model": "glgl_app.graphfeedback", "pk": 4, "fields": {"GUser": 5, "gfeed": true, "gdate": "2017-05-05T03:26:52.361Z"}}, {"model": "glgl_app.graphfeedback", "pk": 5, "fields": {"GUser": 5, "gfeed": true, "gdate": "2017-05-05T06:02:46.830Z"}}, {"model": "glgl_app.graphfeedback", "pk": 6, "fields": {"GUser": 5, "gfeed": true, "gdate": "2017-05-05T06:04:02.822Z"}}, {"model": "glgl_app.graphfeedback", "pk": 7, "fields": {"GUser": 4, "gfeed": true, "gdate": "2017-05-05T07:09:41.359Z"}}, {"model": "glgl_app.graphfeedback", "pk": 8, "fields": {"GUser": 5, "gfeed": true, "gdate": "2017-05-06T06:50:27.341Z"}}, {"model": "glgl_app.graphfeedback", "pk": 9, "fields": {"GUser": 5, "gfeed": true, "gdate": "2017-05-09T05:01:55.349Z"}}, {"model": "glgl_app.graphfeedback", "pk": 10, "fields": {"GUser": 5, "gfeed": true, "gdate": "2017-05-11T14:41:42.974Z"}}, {"model": "glgl_app.graphfeedback", "pk": 11, "fields": {"GUser": 5, "gfeed": true, "gdate": "2017-05-11T14:44:30.489Z"}}, {"model": "glgl_app.graphfeedback", "pk": 12, "fields": {"GUser": 5, "gfeed": true, "gdate": "2017-05-11T14:50:13.074Z"}}, {"model": "glgl_app.graphfeedback", "pk": 13, "fields": {"GUser": 5, "gfeed": true, "gdate": "2017-05-11T15:05:55.698Z"}}, {"model": "admin.logentry", "pk": 1, "fields": {"action_time": "2017-05-03T08:24:55.502Z", "user": 1, "content_type": 4, "object_id": "2", "object_repr": "manager", "action_flag": 3, "change_message": ""}}, {"model": "admin.logentry", "pk": 2, "fields": {"action_time": "2017-05-03T08:25:11.776Z", "user": 1, "content_type": 4, "object_id": "1", "object_repr": "admin", "action_flag": 2, "change_message": "[]"}}, {"model": "admin.logentry", "pk": 3, "fields": {"action_time": "2017-05-03T08:26:40.984Z", "user": 1, "content_type": 4, "object_id": "3", "object_repr": "manager", "action_flag": 2, "change_message": "[{\"changed\": {\"fields\": [\"is_staff\"]}}]"}}, {"model": "admin.logentry", "pk": 4, "fields": {"action_time": "2017-05-03T10:42:59.757Z", "user": 1, "content_type": 8, "object_id": "7", "object_repr": "\u51fd\u6570\u7684\u6781\u96503", "action_flag": 3, "change_message": ""}}, {"model": "admin.logentry", "pk": 5, "fields": {"action_time": "2017-05-03T11:15:22.064Z", "user": 1, "content_type": 8, "object_id": "11", "object_repr": "\u6781\u9650\u8fd0\u7b97\u6cd5\u52191", "action_flag": 3, "change_message": ""}}, {"model": "admin.logentry", "pk": 6, "fields": {"action_time": "2017-05-03T11:15:22.207Z", "user": 1, "content_type": 8, "object_id": "10", "object_repr": "\u65e0\u7a77\u5c0f\u4e0e\u65e0\u7a77\u59273", "action_flag": 3, "change_message": ""}}, {"model": "admin.logentry", "pk": 7, "fields": {"action_time": "2017-05-03T11:15:22.347Z", "user": 1, "content_type": 8, "object_id": "9", "object_repr": "\u65e0\u7a77\u5c0f\u4e0e\u65e0\u7a77\u59272", "action_flag": 3, "change_message": ""}}, {"model": "admin.logentry", "pk": 8, "fields": {"action_time": "2017-05-03T11:15:22.504Z", "user": 1, "content_type": 8, "object_id": "8", "object_repr": "\u65e0\u7a77\u5c0f\u4e0e\u65e0\u7a77\u59271", "action_flag": 3, "change_message": ""}}, {"model": "admin.logentry", "pk": 9, "fields": {"action_time": "2017-05-03T11:15:22.682Z", "user": 1, "content_type": 8, "object_id": "6", "object_repr": "\u51fd\u6570\u7684\u6781\u96503", "action_flag": 3, "change_message": ""}}, {"model": "admin.logentry", "pk": 10, "fields": {"action_time": "2017-05-03T11:15:22.849Z", "user": 1, "content_type": 8, "object_id": "5", "object_repr": "\u51fd\u6570\u7684\u6781\u96502", "action_flag": 3, "change_message": ""}}, {"model": "admin.logentry", "pk": 11, "fields": {"action_time": "2017-05-03T11:15:22.984Z", "user": 1, "content_type": 8, "object_id": "4", "object_repr": "\u51fd\u6570\u7684\u6781\u96501", "action_flag": 3, "change_message": ""}}, {"model": "admin.logentry", "pk": 12, "fields": {"action_time": "2017-05-03T11:15:23.188Z", "user": 1, "content_type": 8, "object_id": "3", "object_repr": "\u6570\u5217\u7684\u6781\u96502", "action_flag": 3, "change_message": ""}}, {"model": "admin.logentry", "pk": 13, "fields": {"action_time": "2017-05-03T11:15:23.512Z", "user": 1, "content_type": 8, "object_id": "2", "object_repr": "\u6570\u5217\u7684\u6781\u96501", "action_flag": 3, "change_message": ""}}, {"model": "admin.logentry", "pk": 14, "fields": {"action_time": "2017-05-03T11:15:23.633Z", "user": 1, "content_type": 8, "object_id": "1", "object_repr": "\u6620\u5c04\u4e0e\u51fd\u6570", "action_flag": 3, "change_message": ""}}, {"model": "admin.logentry", "pk": 15, "fields": {"action_time": "2017-05-03T12:47:41.373Z", "user": 1, "content_type": 8, "object_id": "37", "object_repr": "\u5bfc\u6570\u7684\u6982\u5ff5", "action_flag": 2, "change_message": "[{\"changed\": {\"fields\": [\"title\"]}}]"}}, {"model": "admin.logentry", "pk": 16, "fields": {"action_time": "2017-05-05T07:03:49.012Z", "user": 1, "content_type": 4, "object_id": "4", "object_repr": "normaluser", "action_flag": 2, "change_message": "[{\"changed\": {\"object\": \"normaluser\", \"name\": \"user extra profile\", \"fields\": [\"testornot\"]}}]"}}, {"model": "admin.logentry", "pk": 17, "fields": {"action_time": "2017-05-06T10:00:26.634Z", "user": 1, "content_type": 11, "object_id": "22", "object_repr": "cc", "action_flag": 2, "change_message": "[{\"changed\": {\"fields\": [\"dummy\"]}}]"}}, {"model": "admin.logentry", "pk": 18, "fields": {"action_time": "2017-05-06T10:00:36.420Z", "user": 1, "content_type": 11, "object_id": "21", "object_repr": "cc", "action_flag": 2, "change_message": "[{\"changed\": {\"fields\": [\"dummy\"]}}]"}}, {"model": "admin.logentry", "pk": 19, "fields": {"action_time": "2017-05-06T10:01:00.967Z", "user": 1, "content_type": 11, "object_id": "18", "object_repr": "cc", "action_flag": 2, "change_message": "[{\"changed\": {\"fields\": [\"dummy\"]}}]"}}, {"model": "admin.logentry", "pk": 20, "fields": {"action_time": "2017-05-06T10:01:07.915Z", "user": 1, "content_type": 11, "object_id": "17", "object_repr": "cc", "action_flag": 2, "change_message": "[{\"changed\": {\"fields\": [\"dummy\"]}}]"}}, {"model": "admin.logentry", "pk": 21, "fields": {"action_time": "2019-08-04T06:05:13.734Z", "user": 6, "content_type": 4, "object_id": "5", "object_repr": "cc", "action_flag": 2, "change_message": "[{\"changed\": {\"fields\": [\"password\"]}}]"}}]